application_user_id,customerid
USER000001,8a2a81a74ce8c05d014cfb32a0da1049
USER000002,8a85886e54beabf90154c0a29ae757c0
USER000003,8a8588f35438fe12015444567666018e
USER000004,8a85890754145ace015429211b513e16
USER000005,8a858970548359cc0154883481981866
USER000006,8a8589f35451855401546b0738c42524
USER000007,8a858e095c59b91b015c5e5cea3719bc
USER000008,8a858e1158dc4d830158f7bde4f47ea7
USER000009,8a858e185b4923b4015b4ae48d28646a
USER000010,8a858e1d5cd58f9e015ceda4bdb63673
USER000011,8a858e245c214660015c2ba8187976f7
USER000012,8a858e345bd96da8015be6b9f8bc10c7
USER000013,8a858e395cb1d4d9015cb236b4811cbc
USER000014,8a858e4456ced8470156dc8f1f4038d3
USER000015,8a858e5357d823010157d932443d28a3
USER000016,8a858e5b5bd99460015bdf725e143ff4
USER000017,8a858e645755e62201576b58e3522081
USER000018,8a858e6c5bd3fbff015bd408ac3e067a
USER000019,8a858e705668e16701567f1523211e5a
USER000020,8a858e7d595026f8015951c0c4a03fae
USER000021,8a858e885c17687c015c19eead6338fd
USER000022,8a858e8f5d41c974015d4b7f31865627
USER000023,8a858e9b5a195041015a1a602a51519d
USER000024,8a858ea555d9e6020155f489c9b237f8
USER000025,8a858eb05d2d1297015d313b03581809
USER000026,8a858eb85c1be44c015c1c4b667d25ee
USER000027,8a858ec75bfd77c4015c0d841520351c
USER000028,8a858ed35cc5ce51015cc60f40f522b4
USER000029,8a858edb5ad79cc6015ad7c9b29415c8
USER000030,8a858ee55830c4b90158337542ab18a1
USER000031,8a858eec5ca21dcb015ca2493dee1e2d
USER000032,8a858ef75997d0180159a695b01e2c4c
USER000033,8a858f03582604ff0158260fcc730548
USER000034,8a858f085b905684015b906e73a01478
USER000035,8a858f1955b1c4df0155cd14c5b478ed
USER000036,8a858f2656e154de0156e3a87cdc45fb
USER000037,8a858f2e5c699f3a015c6cf27a036477
USER000038,8a858f335cd0c78e015cd435d7192800
USER000039,8a858f3d5add42e2015ae0ca6cb66b83
USER000040,8a858f4655ca643c0155cbc4e13945cc
USER000041,8a858f4f5511dca201551b73634170b6
USER000042,8a858f555cc65d60015cc72de106320c
USER000043,8a858f5e599783c0015997c56ef70ffa
USER000044,8a858f60560bc43d01561d94abd91c48
USER000045,8a858f6e5aa3c922015aa3d9cba10a74
USER000046,8a858f785cea234f015cea434e0a09e6
USER000047,8a858f7e564ad338015654d3a5c242a5
USER000048,8a858f9158aff6a30158b5f2ff887585
USER000049,8a858f975c4582c4015c550ee4925686
USER000050,8a858f995a4762a5015a4c25b0ea01c3
USER000051,8a858fa45bd95e9a015be131cdec35a8
USER000052,8a858fae5b49223f015b499e1cf9485b
USER000053,8a858fb15b34a708015b350c4a1a58d2
USER000054,8a858fba5cd5feee015cda4f0fa423b4
USER000055,8a858fc55b2fde30015b30c9256b43fd
USER000056,8a858fcb5ca240f7015ca64a71fa1951
USER000057,8a858fd45a4260bc015a42ac9e89278d
USER000058,8a858fd95c3b5bca015c3fcc0b374c3e
USER000059,8a85882953bc04f80153c205b75d7403
USER000060,8a8588dc536a14130153753dc8d32698
USER000061,8a8588fd53c244bc0153c8305ea7338f
USER000062,8a85895054a061920154a909b1a76c1d
USER000063,8a8589b953bc23f70153c90114817143
USER000064,8a858e02578f616401579484a4963345
USER000065,8a858e0b5cfa2028015d092b47e27e30
USER000066,8a858e1556321b940156548b9ca970a6
USER000067,8a858e195b90e512015ba0eb4eed5ef5
USER000068,8a858e205af28299015af50a799745c5
USER000069,8a858e2e5bb57a37015bbe1b8d6d3830
USER000070,8a858e3559080830015923412dd84294
USER000071,8a858e3e5b3ee747015b3f0409012b7f
USER000072,8a858e4a5cac6f81015cad78a648389f
USER000073,8a858e575bf80f73015bfbc59df93401
USER000074,8a858e625c8d993a015c95e7ced318df
USER000075,8a858e655a047d1a015a12bb060936ff
USER000076,8a858e6e55c554c20155c6d8e2925c62
USER000077,8a858e785acd3412015acd7bdec42d4f
USER000078,8a858e875c63d395015c74bdfd343206
USER000079,8a858e8d56adbdae0156b30248fe3104
USER000080,8a858e985885ff6d01589211d7c01088
USER000081,8a858ea15ca2565c015ca6ed24977b5e
USER000082,8a858eaa55a0b8ae0155bab849c616a1
USER000083,8a858eb4596ff919015974a667560a89
USER000084,8a858ec55b441639015b444e78b7361f
USER000085,8a858ece5b0142e3015b0a3a7f183339
USER000086,8a858eda552adcc20155307212b55ac2
USER000087,8a858ee454da1cbd0154e2796fba7142
USER000088,8a858ee65a8401a1015a8447d2ac1cf2
USER000089,8a858eef5554890501555868a7475f44
USER000090,8a858eff55a090650155a13892552a0b
USER000091,8a858f0656b7820c0156c3e3a61c1d33
USER000092,8a858f0f5bfd79d2015c0331ce3378fe
USER000093,8a858f1f587161850158742ebbce53d8
USER000094,8a858f275c451af5015c49a2c43b5fb2
USER000095,8a858f305cb1ec4e015cb215f0500a8d
USER000096,8a858f375cef1cbc015ceff67d505f59
USER000097,8a858f425b85835d015b85bfe40538db
USER000098,8a858f495c5973ce015c59c5f099417c
USER000099,8a858f54589736f401589857085e3b5b
USER000100,8a858f585bfd6341015c03694f85158f
USER000101,8a858f5e5cf45779015cf47ed8db1872
USER000102,8a858f665c45930d015c54a24fdc1f6c
USER000103,8a858f6f5b3f095b015b4083532532a0
USER000104,8a858f7a5ca22d3c015ca24d01461879
USER000105,8a858f8d5cc56f9a015cc57e769908ac
USER000106,8a858f965bb63a25015bc22b915e62f1
USER000107,8a858f985b80ab2c015b81098b8f2c2e
USER000108,8a858fa15c8ceaaa015c8d79c65f4f86
USER000109,8a858fa95b631878015b6401c15973f3
USER000110,8a858faf56b7821c0156b93cd62a6275
USER000111,8a858fb45b3eef19015b3fa969390cd3
USER000112,8a858fbd5cd6054a015ce82aa3914088
USER000113,8a858fca5c830943015c835e839e33a5
USER000114,8a858fcf5591c5cf015597c298cb15d9
USER000115,8a858fd55c45ba15015c4f06ea176506
USER000116,8a858fdf5bf85f71015bfc1f51f9690a
USER000117,8a858fea5b391cd7015b3936e1ca25c8
USER000118,8a858ff45be92ea2015be98bc2162c96
USER000119,8a858ffb5b350b52015b352574d219d9
USER000120,8a8589a453bc422d0153c993db2604b6
USER000121,8a858e275c7ea5ec015c82482d7c3996
USER000122,8a858e885b68546c015b6cb377c12140
USER000123,8a858ee65be8d42d015bea072bee5936
USER000124,8a858f3455a0d8070155c5fee7cc0a6d
USER000125,8a858f7e5c69a6e3015c69b6aba2072e
USER000126,8a858fd25c5a5bc7015c5b63cb92393a
USER000127,8a1edbf14734127f0147356fdb1b1eb2
USER000128,8a85884e54a0565b0154ba3fa6c72e7e
USER000129,8a8588f754a058cb0154b3b507dc1abe
USER000130,8a85892e5425ad2001542d2827756546
USER000131,8a8589b953d0be470153d0e6e1490a90
USER000132,8a858e0458d4ac3d0158dd57e64e736c
USER000133,8a858e0d59b7438d0159b7e0aa7533cd
USER000134,8a858e1556321b9401564c8d8e8144d8
USER000135,8a858e225c404292015c4419d23d04f8
USER000136,8a858e3654e2a82401550631bfcd571d
USER000137,8a858e445add19b4015addc433723178
USER000138,8a858e5b5bd99460015bd9e9ee2e18f4
USER000139,8a858e615c832be8015c83b1cd532bb9
USER000140,8a858e69566ae5b801567378795b7add
USER000141,8a858e6e55c554c20155d574b4596645
USER000142,8a858e725b3424d2015b3427a76103d2
USER000143,8a858e845accb4f9015accdccf761e20
USER000144,8a858e9156e137c601570b2f414c4258
USER000145,8a858ea35a28b88b015a3be970e0681d
USER000146,8a858eac5c451942015c58ac70523824
USER000147,8a858eb95b3ed48c015b4034cc273ab2
USER000148,8a858ebd5b254c8b015b2fd8dafc7cee
USER000149,8a858ec65c123dfb015c150e513455db
USER000150,8a858ed25ba09f98015ba3f2c69e6d69
USER000151,8a858ed55bafadc7015bb15979d1553e
USER000152,8a858eda5c8863ff015c911534db43b8
USER000153,8a858ee0560bc07701561391bb845623
USER000154,8a858ee55cb156e6015cbb9fb27c2ad1
USER000155,8a858ef258d4a48b0158e998c5794c1c
USER000156,8a858eff55a090650155b7b1624119ab
USER000157,8a858f065b1fe50a015b200b42462585
USER000158,8a858f0d58a18ebc0158ab6deec27309
USER000159,8a858f13556665aa01556dbccd6e1a20
USER000160,8a858f1e5aec5791015aecbc59413486
USER000161,8a858f265b5c418f015b5c58effa1a88
USER000162,8a858f2756cec0a30156e2d4cea415a3
USER000163,8a858f2d5853901a01586382639065c7
USER000164,8a858f315ccb979d015ccf98ddd4661f
USER000165,8a858f3d5add42e2015ae9ab7c277132
USER000166,8a858f465668e3d601566ad583100ef5
USER000167,8a858f545908094b01591185749d6f25
USER000168,8a858f595ccb6f86015cced9f57a03d6
USER000169,8a858f60562378450156250366f10f86
USER000170,8a858f6e5cb16eb9015cbb1fb520374d
USER000171,8a858f7958b0a4a80158b47fb32010f3
USER000172,8a858f7e5c213ef4015c21ca37fb3888
USER000173,8a858f93572e873c01574753c9513a4e
USER000174,8a858f975c4582c4015c4e5295c66873
USER000175,8a858f9d5668e3f101566fb7494822f9
USER000176,8a858fe45cd62cbf015cdfb7b59f05f4
USER000177,8a858fec5ceec886015ceee4a2ab15ac
USER000178,8a858ff8582fcb8601583e9ee74e1732
USER000179,8a858ffd5c8d343d015c97cecd270cb5
USER000180,8a858e105bd92644015be762bf10576f
USER000181,8a858e675c3fe0a1015c417e73085191
USER000182,8a858ed1594a282f01594a4d14f50a58
USER000183,8a858f095c3b2c30015c3b5964a111df
USER000184,8a858f5f5b39bb0c015b3b298dd1358b
USER000185,8a858f9c57f74b1d0157f753c181047e
USER000186,8a858fe25ab3f041015ab51fc3c44cbd
USER000187,8a8189d152443f820152443f89500001
USER000188,8a8588b754517d800154555019c36231
USER000189,8a8589045384bd8301539e05b3d35023
USER000190,8a858953548fb0c001549b31ac5f6dda
USER000191,8a858e0156b782a10156b8e131824d39
USER000192,8a858e065ccb8bc0015ccc9d8c2532cb
USER000193,8a858e0f5c45466f015c546652e81026
USER000194,8a858e195b90e512015b9312936863cf
USER000195,8a858e2e5bb57a37015bc8ff494a1089
USER000196,8a858e3a54e337020154fda980777859
USER000197,8a858e4b5cb1e4d7015cbbde80436cf1
USER000198,8a858e5d57518f4601576a5b604c4adf
USER000199,8a858e64590ae20001590c511d9b0cdf
USER000200,8a858e695d1e075c015d211df3354b8e
USER000201,8a858e705668e1670156810ee20960b7
USER000202,8a858e785c8d9167015c9b35e2411165
USER000203,8a858e8d56b784480156b7d232f723a8
USER000204,8a858e9b5bcf8546015bcfaf5b680756
USER000205,8a858ea45c109201015c10d210791b14
USER000206,8a858eb85886bdc30158acf926932eda
USER000207,8a858eba5c884d2a015c8c4c58c5088a
USER000208,8a858ec45577f83e01557eaf9f0b1f4c
USER000209,8a858ec95afc0922015affaaf5992c1a
USER000210,8a858ed45becf685015bed6fceb6498b
USER000211,8a858eda552adcc2015559532234110a
USER000212,8a858edb5bd936e4015be394167c4698
USER000213,8a858ee45b62dadc015b660294b5292e
USER000214,8a858eed5756fb0e0157576dda0129e5
USER000215,8a858ef95cf5154a015cf659212d26ce
USER000216,8a858f03582a54c301582f698a281700
USER000217,8a858f0a56ffda560157093acf144b87
USER000218,8a858f0f5d1df2ad015d219c38c87827
USER000219,8a858f185d1daff6015d279fcb900eef
USER000220,8a858f245a4cde1e015a4e6271fd6c46
USER000221,8a858f265c2187bd015c346b5bb74ea9
USER000222,8a858f295c8d307f015c9e4f9b771eed
USER000223,8a858f2f54e28d530154f3a9d35625d8
USER000224,8a858f375b493337015b4943d3aa1027
USER000225,8a858f405d13c45f015d1407060e316e
USER000226,8a858f4e5ba5e8d3015ba9d8b01b3062
USER000227,8a858f565b683b56015b7b6b606e1ec9
USER000228,8a858f5f55f82ae30155f91ba4250aea
USER000229,8a858f6a5b1fa846015b1ff2a147401d
USER000230,8a858f765c350480015c35105f3f04c1
USER000231,8a858f7c5be8dc45015be8eaadb90c0e
USER000232,8a858f8e5b8c34d3015b8f4fe5ca199d
USER000233,8a858f965c6950da015c6acefa5f661f
USER000234,8a858f99560bbe4501561d163d570cba
USER000235,8a858f9f5679951a01568d9941453c97
USER000236,8a858fa25bd92c20015bda1a38cf5a24
USER000237,8a858fa55acd8061015ad0b778b013ea
USER000238,8a858fae5921beeb01592ad3c5c12bc1
USER000239,8a858fb557330de1015750e05ade4eb8
USER000240,8a858fbc594a495c01596db4320c084a
USER000241,8a858fc9580b91da0158126363fb3f16
USER000242,8a858fd05bfd7d3c015c0cc8a1a86a92
USER000243,8a858fd55b8752ba015b895180e74ffe
USER000244,8a858fe45cd62cbf015cd63942a40385
USER000245,8a858fe8555f401f01556e0a6ac317b7
USER000246,8a858ff35c5f4d1d015c6379bbcf0adc
USER000247,8a858ffa55ca72a50155de6808cd2f3f
USER000248,8a858ffd5c8d343d015c978f755b7fbe
USER000249,8a858e065ccb8bc0015cce72dd475bfc
USER000250,8a858e6d5b62e36f015b668ed4dc3aaa
USER000251,8a858eb95a8f9e4c015a91f3f9dc6d7a
USER000252,8a858f045bc9690c015bcabf87506275
USER000253,8a858f3a58b5b0fe0158b6ca51f756ce
USER000254,8a858f6b570f2de9015721e9fbb40ecf
USER000255,8a858fb959976ce001599c31ae157981
USER000256,8a858ff259d1429e0159d2d0194c4b8e
USER000257,8a85883353e2e4e40153f068a4634e02
USER000258,8a8588b75438f49901544510041e0951
USER000259,8a8588f5542eb0d401542f48f0381490
USER000260,8a85890754145ace01542184054739e2
USER000261,8a85896653e2e18b0153ea4c2b00049f
USER000262,8a8589c1545181f301547d2cfb142ff4
USER000263,8a858e045b495c30015b4f8417aa61c4
USER000264,8a858e105bd92644015bdd374f0d1a3a
USER000265,8a858e185b4923b4015b49f7165a4acd
USER000266,8a858e225a28c713015a33e7c0bf5ed8
USER000267,8a858e2c5cc64f70015cc942825e71ae
USER000268,8a858e395cb1d4d9015cba9fbb6e6e2c
USER000269,8a858e3e5922ba4301593831652558a5
USER000270,8a858e4f58b9f0b40158c027a53e65a8
USER000271,8a858e585693982b0156b6329ee229d6
USER000272,8a858e615c832be8015c87cc64661017
USER000273,8a858e675cc6685e015cc6eb279c3e84
USER000274,8a858e6c5c88d145015c894de1a91c5c
USER000275,8a858e705668e167015685e1e07c19d4
USER000276,8a858e7855113fb70155136433e942c9
USER000277,8a858e7d5d328208015d3409dd464483
USER000278,8a858e905ce98e8d015cede36efc025d
USER000279,8a858eae5bb5beb8015bb947fd2f4f4d
USER000280,8a858eb55cf45581015cf47853d613db
USER000281,8a858ec959f3d0320159f411f586198d
USER000282,8a858ed55c5f1965015c5f58ecbc2069
USER000283,8a858edb5a70bfe0015a7ef6715642d0
USER000284,8a858ee055ffbe17015607e67cec57e9
USER000285,8a858ee755a0c84a0155a3b5a9ab2308
USER000286,8a858eef55548905015554a9578505d4
USER000287,8a858f00590ac4e70159320caa4a190c
USER000288,8a858f045bab240c015baf9e44646d76
USER000289,8a858f0f5bfd79d2015c0c2370d436a1
USER000290,8a858f1b5b256bc9015b2a8b75dc0b45
USER000291,8a858fa154e2912f0155065fcda06f84
USER000292,8a858fa3552ae1120155398656a154c3
USER000293,8a858faa56dffac60156ffa41b542ce7
USER000294,8a858fb15b34a708015b37eeb86e0008
USER000295,8a858fba5cd5feee015cdb7399184dc9
USER000296,8a858fbf5b3a0b46015b3d5e8fae2a65
USER000297,8a858fcb5bab1fda015baebcd3791586
USER000298,8a858fd35b5dfefb015b5e080dc50892
USER000299,8a858fda5c3b0f1c015c403b1f5c301c
USER000300,8a858fe5569398920156b644671b0f2a
USER000301,8a858fed5cabd3a0015cac23520a3743
USER000302,8a858ff85b339568015b33e96b393bff
USER000303,8a858ffb5d1832fd015d184b6ad80f09
USER000304,8a76e7d443e6e97c0143ed0a13cb4f61
USER000305,8a858e255b910db1015ba0f1568c39f8
USER000306,8a858ea55b58f026015b599e472439d2
USER000307,8a858ed25ba09f98015ba9a3696f65db
USER000308,8a858f265c2187bd015c3402a9e52573
USER000309,8a858f555cc65d60015cc87c7641417a
USER000310,8a858f8e5d0dc74e015d0de015760ef2
USER000311,8a858fe8555f401f01556dbd487e78d5
USER000312,8a85881053bc33670153c9dc2e3a4393
USER000313,8a85888c548fb3d501549748043c4fc2
USER000314,8a8588dc5384a05f0153982119c81a51
USER000315,8a8588fd53e2e6cf0153ec3302de1278
USER000316,8a85893d53f104eb015409d628cd0e46
USER000317,8a8589a453bc422d0153c7b616f60646
USER000318,8a858e0156b782a10156c2f83bd248f2
USER000319,8a858e0b5d1d8104015d1db8dcf31765
USER000320,8a858e135c7e2eec015c813211a96674
USER000321,8a858e2155defefd0155e88ca1b22485
USER000322,8a858e245c5f3f7c015c63d531167c8a
USER000323,8a858e345be813ea015be81b372e07dd
USER000324,8a858e3c5853733801585dadb1334a2e
USER000325,8a858e495d1e235c015d2bcddad44cd9
USER000326,8a858e545cf8f7eb015cf918d0ed129a
USER000327,8a858e5d5bf3454f015bf3c38c482aa5
USER000328,8a858e655a047d1a015a0daaf9874735
USER000329,8a858e695d18c7a1015d1c3e840913e6
USER000330,8a858e6d5b252065015b2fa1ee3843da
USER000331,8a858e715bd3fa19015bd7d998442e30
USER000332,8a858e7b55deef140155e587fc3b63ba
USER000333,8a858e885c63d379015c6ed663042002
USER000334,8a858e995ccb5414015ccc4147cb4bc8
USER000335,8a858eb25cf38c4b015cf3d1cb702960
USER000336,8a858eba5b681df4015b703c75a501bc
USER000337,8a858ed25b1b19eb015b1b59dc1b15a7
USER000338,8a858ed759d079530159d127708943f6
USER000339,8a858edd56236fc8015623c3a4f40467
USER000340,8a858ee159de9b420159dee292301739
USER000341,8a858eea5a232d51015a2452529c1455
USER000342,8a858ef258d4a48b0158e9fb404a4f72
USER000343,8a858f0455d9feaf0155e0332396619d
USER000344,8a858f0d58a18ebc0158b0ec239828b8
USER000345,8a858f13556665aa015572d6e7b872de
USER000346,8a858f265b1416a5015b145705f24eb2
USER000347,8a858f2d5853901a015861e6f6315db1
USER000348,8a858f365b2547f3015b30981af37cb7
USER000349,8a8588235384a58d01538b5b8d49372c
USER000350,8a858887545183ca01546142802e4b4e
USER000351,8a8588fd53c244bc0153c74fad72587f
USER000352,8a85893d53f104eb0153fec8703465f1
USER000353,8a8589a453bc422d0153c7d857e0190f
USER000354,8a858e0156b782a10156e09c0f90725b
USER000355,8a858e0a5a85cfaa015a89b1af345719
USER000356,8a858e125c358780015c35aad25310ef
USER000357,8a858e195af64338015af6bc45ef5aef
USER000358,8a858e1e54e2aa5a0155059eabfa7cc1
USER000359,8a858e2d565657b1015663ff20d43576
USER000360,8a858e345be813ea015be87d70855b44
USER000361,8a858e3d570f30bb0157146c32c418b7
USER000362,8a858e495cef1ef1015cf33d14dd7935
USER000363,8a858e5555780ea001557c46f2c91d97
USER000364,8a858e615c832be8015c86f0d1082a70
USER000365,8a858e64590ae20001592265cda16d7b
USER000366,8a858e6c5c88d145015c8cf7a5e17156
USER000367,8a858e7655072083015517c8fe5b2942
USER000368,8a858e875b910dfe015b917802c4282b
USER000369,8a858e8a5c1c14b8015c208abf11720a
USER000370,8a858e955aeb055e015aebee294a5a85
USER000371,8a858e9d59e0997b0159ea88a18970b1
USER000372,8a858ea55b58f026015b5c11ad2e2dd2
USER000373,8a858eb456e0b9490156fb7018a91a1e
USER000374,8a858eba5591bf2801559ae75c8d32bc
USER000375,8a858ece586263020158696870092f98
USER000376,8a858ed65bd3a65c015bd3e9a0ff2664
USER000377,8a858edf55ca17ba0155d58ee8d43f6a
USER000378,8a858ee55cb156e6015cbd3d5e3555c2
USER000379,8a858eed5a42df95015a45e2fcac6aa9
USER000380,8a858efe5bca0a81015bca60dfdc14bb
USER000381,8a858f045556eaa401556dd7346663fc
USER000382,8a858f0d5ca1cf54015ca237f4843b09
USER000383,8a858f1a5bd828f9015bd85e04b824f8
USER000384,8a858f275591bf5d0155968869002f72
USER000385,8a858f2f5af5d835015af5db88300242
USER000386,8a858f365c83961c015c83a6989c054c
USER000387,8a858f415686c0ab0156932bc72861e0
USER000388,8a858f475c11bc72015c1241c5e8477f
USER000389,8a858f505ca7b434015cab87f6cb61ed
USER000390,8a858f5856373f8801564a639d9d6aba
USER000391,8a858f5e5cb23c77015cb617d25a6080
USER000392,8a858f665c2142a0015c2eceb8672f3f
USER000393,8a858f6e5cb16eb9015cba9514502da3
USER000394,8a858f795896e56b0158a52e3f196868
USER000395,8a858f845d13beed015d161cb56d72d7
USER000396,8a858f925d5bfd0a015d5c41ca480d60
USER000397,8a858f98560bbe110156217f2b324081
USER000398,8a858fa154daefc00154de1b445805fa
USER000399,8a858fa7590af88501591230cd1c34b0
USER000400,8a858faf5679a838015679dda1481bfb
USER000401,8a858fb4563228d201563e3b46c90a86
USER000402,8a858fbd5cd6054a015cda142858051a
USER000403,8a858fc75cd62882015ce320d4b64f4d
USER000404,8a858fcd56b9f22c0156d8afaef02fd8
USER000405,8a858fd55577e87601557eb6810f1310
USER000406,8a858fda5d37b00c015d3ba42a19619e
USER000407,8a858f3c5c16cadb015c171ebcfb30b6
USER000408,8a858f445d41ebbe015d4d646b946dec
USER000409,8a858f525ba5119c015ba5a39b6c5444
USER000410,8a858f615591c2cc015598dface34f3a
USER000411,8a858f675c1c43bc015c209f0e59388c
USER000412,8a858f795896e56b0158a47b8be660c5
USER000413,8a858f7d5ab3ca4b015ab5184798706a
USER000414,8a858f8a558227f20155862e521949ca
USER000415,8a858f905c06a9c0015c0c8fca8c6706
USER000416,8a858f985bee01cb015bf16ec19f5383
USER000417,8a858f9d5668e3f101567827de3b11f2
USER000418,8a858fa154e2912f0154eee022676b1c
USER000419,8a858fa4552add9f01553e7f443c4214
USER000420,8a858fa55acd8061015ad15eb8b47940
USER000421,8a858fb15a41784f015a41921e4c142b
USER000422,8a858fbb5bf26814015bf27f571811dd
USER000423,8a858fc75cd62882015ce3990b726a9b
USER000424,8a858fcf5b39c3ba015b3b269d573d36
USER000425,8a858fd95c3b5bca015c43d710a059bb
USER000426,8a858fe756939bbb0156993f3dda2d08
USER000427,8a858fef570f30e501572962ab8f7a1f
USER000428,8a858ff556236fa801562d3353964355
USER000429,8a8588fd53c244bc0153c72ed1924a60
USER000430,8a858e325b3e903a015b3eb4ce4b2882
USER000431,8a858e605ce99f55015ced0a99a63ba4
USER000432,8a858ecc5b5defb4015b5ea3f3613ec1
USER000433,8a858f2a5ce989dd015ce9fc24b1474b
USER000434,8a858f68587f3da1015880ef5d8805b4
USER000435,8a858fc45c21da6f015c31f01ed74654
USER000436,8a1088a0484472eb01484669e3ce4e0b
USER000437,8a8588235375c27f01537f79100c40c3
USER000438,8a85889853f0fbaa01540444629832e2
USER000439,8a85892e5425ad2001543095054f5b28
USER000440,8a858966538deb190153a778edfb61aa
USER000441,8a8589a453bc422d0153c82e861c34f1
USER000442,8a8589f853f100fb01540a6faacb4e74
USER000443,8a858e0256b781d80156c09f1e585c2f
USER000444,8a858e065ccb8bc0015ccbf7b21c1875
USER000445,8a858e105bd92644015be07c35237d0d
USER000446,8a858e2159f3c9030159f4336f1925f4
USER000447,8a858e285ba4bf33015ba50277171d93
USER000448,8a858e36590808e3015917a6dae57137
USER000449,8a858e4f5929c3df01595086e6cd773f
USER000450,8a858e5b5bd99460015be7d577b04e0d
USER000451,8a858e675c3fe0a1015c415368c24fb1
USER000452,8a858e6d58b0cc520158b4bcc7f61ef2
USER000453,8a858e705b3a03c7015b3d4d6eca680c
USER000454,8a858e785c8d9167015c9b1641a0092e
USER000455,8a858e8d5bf2d0c1015bf34ffdc94e1a
USER000456,8a858e935b496584015b496cdac50369
USER000457,8a858e985885ff6d0158aa2ce6772cff
USER000458,8a858eae5a42129d015a421fa6270603
USER000459,8a858eb85cef9327015cf30509cf2230
USER000460,8a858ec05a9535db015a9b7e03650141
USER000461,8a858ec75bfd77c4015bff1610173ed1
USER000462,8a858ed75732b68101574d1614f23803
USER000463,8a858ede5ca210f0015ca6e7144b3d34
USER000464,8a858ee1578e399501579186cb2d6283
USER000465,8a858f2a5b3f2121015b41d14e202aba
USER000466,8a858f30551130db0155130b0d0652c4
USER000467,8a858f385b34d285015b34e6dbbb1309
USER000468,8a858f3e589c40610158a57d427715a6
USER000469,8a858f4c5bb597f6015bbdbff82d4971
USER000470,8a858f5e5566567d0155777b44e00cfa
USER000471,8a858f655baa9ae1015baf6547472776
USER000472,8a858f735aec46c4015af02a90835ac8
USER000473,8a858f7b5763d88001576be2678d67c6
USER000474,8a858f7e5c213ef4015c2a8b9fe20181
USER000475,8a858f8e59d0b8930159d10900473713
USER000476,8a858f925d3c3cad015d3c4541e2059f
USER000477,8a858f9c56aaf37d0156b7221dc522d4
USER000478,8a858f9f5bd99987015be7d0e0f4085f
USER000479,8a858fa25c120898015c16abe1cb45f4
USER000480,8a858fa45bd95e9a015be29a6b136061
USER000481,8a858fad5ccb633e015ccb8973e511bc
USER000482,8a858fb75b5894aa015b589fd7720a85
USER000483,8a858fc45c5f93be015c61e0e5e55e38
USER000484,8a858fcd56b9f22c0156bc268ef56102
USER000485,8a858fd3552c75620155563fb5241458
USER000486,8a858fe45cd62cbf015ce8f815230bc2
USER000487,8a858fe95afc0665015affd8827a642b
USER000488,8a858ff25c8250c1015c827e15821e4e
USER000489,8a858ffd5c8d343d015c98e84c9c2a13
USER000490,8a858e0156b782a10156beb5c215582e
USER000491,8a858e4b5cb1e4d7015cbf51622434f2
USER000492,8a858e885c9c6f96015ca07a1fe371fd
USER000493,8a858f0c5cc68025015cca6d2f6873fd
USER000494,8a858f585cf9d48b015d0a258b75758a
USER000495,8a858fb15b34a708015b360a67c61f3a
USER000496,8a858fe756939bbb0156b42e72185f25
USER000497,8a85880353acff880153b23e3c742a08
USER000498,8a85886f54517ee0015470749d3c3ce7
USER000499,8a8588fd53c244bc0153c8251f132fd7
USER000500,8a85893d53f104eb01540e7f589775c3
USER000501,8a85896653f0fed201540f40a3a45c14
USER000502,8a8589c1545181f3015454b4cdd9002b
USER000503,8a858e005ca7abe3015ca9c692843861
USER000504,8a858e035693e0290156b6bd3b483170
USER000505,8a858e0a5668e69c01566f643ad645a9
USER000506,8a858e1d5cd58f9e015cd8c747ad7d06
USER000507,8a858e245c214660015c270224c83207
USER000508,8a858e345bd96da8015bd9def9c624f6
USER000509,8a858e455c1bf763015c1c4eab062420
USER000510,8a858e5856b7840c0156b8f1f61f5f52
USER000511,8a858e5f5af1e7e7015af206af7b09d8
USER000512,8a858e6c5bd3fbff015bd5736e545cd2
USER000513,8a858e6f5668e01701568cf7ba8e39da
USER000514,8a858e725c360240015c3797bd734cf7
USER000515,8a858e885b68546c015b789214a9131c
USER000516,8a858e8e5ca1f1a8015ca6a8cfcb31f4
USER000517,8a858e935cedfe55015cee2ad92f236f
USER000518,8a858ea45b35639b015b364dc0f72463
USER000519,8a858eb4588604f701589223c5ab045f
USER000520,8a858eba5c884d2a015c936df7c60af3
USER000521,8a858ec35a428dcc015a4667481262fe
USER000522,8a858fe65675195a015679452588279c
USER000523,8a858ff25a6a19ee015a6acc4a986c80
USER000524,8a858ff9580b881201581f5624ee7a1b
USER000525,8a8588b75438f499015444b1adf70876
USER000526,8a858e1c5bab1191015baca490325254
USER000527,8a858e6f5668e01701568392953a495d
USER000528,8a858ed75bb64559015bbdf931c10be3
USER000529,8a858f295c8d307f015c95b5b13724f7
USER000530,8a858f685a384e25015a39302e0d48a9
USER000531,8a858fc959bc56c80159c034e75a05be
USER000532,8a858fee580afd2b01580c5b0ff97399
USER000533,8a85882653e2eb990153e7a9eda325a7
USER000534,8a8588dd54be35520154bf9790ea4a55
USER000535,8a858928548fb121015495dafe41016b
USER000536,8a85898a53d0af400153d7dc5cc22b9f
USER000537,8a858e0256b781d80156b8f2d33c4f27
USER000538,8a858e0c552ae0b8015543cb7d1a5cbd
USER000539,8a858e105bd92644015be812e5683388
USER000540,8a858e1d5c5a460c015c5a51775a0613
USER000541,8a858e325d3245ec015d328e6b0b1fcc
USER000542,8a858e3d5c3b5122015c43f776bd4a3a
USER000543,8a858e585693982b015699e7c57e03e2
USER000544,8a858e5e57adcb8e0157b5023bf2676e
USER000545,8a858e675c3fe0a1015c55131ebd5fa6
USER000546,8a858e6a5bfd4b54015c0dc45b31270b
USER000547,8a858e705b3a03c7015b3ceed0d531fb
USER000548,8a858e7d595026f80159636aa36f487b
USER000549,8a858e8d56b784480156cc1a80f60132
USER000550,8a858e9d5bfd7037015c07cdd6f1278d
USER000551,8a858eab5cf9c4c8015cfa0b1d8e1c67
USER000552,8a858eb85cef9327015cf2b1db7c052c
USER000553,8a858ebc572e1e3a01572f517e505dc4
USER000554,8a858ec55ca7919d015cab70e8954f34
USER000555,8a858ec95afc0922015b0a6d75655b14
USER000556,8a858ed45c454c11015c53de37e71789
USER000557,8a858eda5c8863ff015c8c2578833357
USER000558,8a858edf57f78fed0157fdd279342ccf
USER000559,8a858ee55c830000015c867880563fc3
USER000560,8a858eef55548905015574ae2dcb526f
USER000561,8a858efd5ca70688015cabd1f1e94b55
USER000562,8a858f045556eaa40155698324e4555e
USER000563,8a858f0b5d36a8e1015d36cd984b1990
USER000564,8a858f115cea8545015cee1518b54081
USER000565,8a858f1955b1c4df0155d4ad1adb462c
USER000566,8a858f255c78552d015c78e0f386678f
USER000567,8a858f2756cec0a30156cfd1af1c0216
USER000568,8a858f2c58dc6e680158e2d0956179ca
USER000569,8a858f305c8dd672015c9bc5e91c1812
USER000570,8a858f395b3968f6015b3970a22f0ba7
USER000571,8a858f4156939c3c01569eb58e93629a
USER000572,8a858f525bedff8d015bef8f8f9b6e4a
USER000573,8a858f585cf9d48b015cff6828b66435
USER000574,8a858f5f5b39bb0c015b3cb38312659c
USER000575,8a858f6e5a951fc2015a9b293e631f3d
USER000576,8a858f78550ba104015514abf59e56b3
USER000577,8a858f7d5cf9aef9015d0abb2c974494
USER000578,8a858f9158be26030158cca6f4aa5f6e
USER000579,8a858ece5862630201586ef7d4c74e4d
USER000580,8a858eda5c8863ff015c9e0131d10bbd
USER000581,8a858ee055ffbe1701560850839a7c49
USER000582,8a858ee55830c4b901583188b0290def
USER000583,8a858ee758a4dfbc0158a5b0d9db0be8
USER000584,8a858ef255c55fd60155c8f865611d5e
USER000585,8a858ef7599330e0015993c3e1af2ecc
USER000586,8a858eff5b393484015b3935d76e0181
USER000587,8a858f0455d9feaf0155e8d773b53966
USER000588,8a858f0a56ffda56015709a71f9c02c7
USER000589,8a858f155554552501555685429f4905
USER000590,8a858f1e5add5268015ae7ca38b245d2
USER000591,8a858f275c451af5015c4e29f5373134
USER000592,8a858f2c58dc6e680158e4e62c3b0ccd
USER000593,8a858f2f54e28d530154f1ba3a8f37c9
USER000594,8a858f335c8d9723015c9d6671a90a47
USER000595,8a858f3d5bfc954e015bfcc137851d9d
USER000596,8a858f475c7ea023015c7ed3b27b0ccf
USER000597,8a858f555cacacdf015cb000734204fa
USER000598,8a858f585bfd6341015c005942497b6c
USER000599,8a858f5e5bedf32a015bf2003648194a
USER000600,8a858f6c5a37e2a3015a3914d98f0578
USER000601,8a858f735b437619015b438c6b3626c8
USER000602,8a858f7e5ba0189c015ba0ac3e254fe3
USER000603,8a858f8e597cf3f40159837df1367cd9
USER000604,8a858f965c6950da015c6ea724353a26
USER000605,8a858f9c5a4817be015a48cd8369332b
USER000606,8a858fa154e2912f0154e914a60a06b3
USER000607,8a858fa95c695f85015c7806a0387faa
USER000608,8a858fb65b2020b2015b2387b22b70d4
USER000609,8a858fba5cd5feee015ce43abdad3d9f
USER000610,8a858fc45d4233f2015d46edcac71b83
USER000611,8a858fcf5b39c3ba015b3ce36bad10a2
USER000612,8a858fd75cac5e18015cac9407ee1e4a
USER000613,8a858fea5b8c314d015b8c4fd9371600
USER000614,8a858ff35c63d750015c65b799943098
USER000615,8a858ffd5c8d343d015c92886a4b7724
USER000616,8a858e165b90faf9015b9ed99b3e0c2d
USER000617,8a858e725c3ae262015c3dfc23de0ccf
USER000618,8a858eea5c82f136015c82f59f3201c7
USER000619,8a858f2656e154de0156f197d9a64b2e
USER000620,8a858fa25bd92c20015bdec1e1616d76
USER000621,8a858ff554e290e10154f6ff4a302f7e
USER000622,8a85882653e2eb990153e7b4c52d2815
USER000623,8a8588ae53f1cb7c01540f4e83bc3b26
USER000624,8a858900536a043401537f6cf1b222b7
USER000625,8a858959537a097401537c7ed53d0780
USER000626,8a8589a7545186b1015453b6a01b196e
USER000627,8a858e005c2154c2015c30e623201bdd
USER000628,8a858e0a5668e69c015669d6d4233c13
USER000629,8a858e165ad25487015ad6eb97ee2fbe
USER000630,8a858e205bcee61c015bcf7dfcf3355b
USER000631,8a858e345a04f20b015a0b7763b67cf8
USER000632,8a858e4357be1daf0157bebb3c4c6fa3
USER000633,8a858e495d1e235c015d2165e0c54533
USER000634,8a858e5856b7840c0156c289b8584f4c
USER000635,8a858e655cd0642d015cd3f9aa8219c6
USER000636,8a858e6b5ccb6ea8015ccf29e82b1b24
USER000637,8a858f97594ab63d01596372af8d4bef
USER000638,8a858f995d32ae84015d3539f6585536
USER000639,8a858fa05908043801590d3c3a4e6f83
USER000640,8a858fa25c120898015c15c3d3804d2a
USER000641,8a858faa56dffac60156e557ec6e77b6
USER000642,8a858faf5679a83801567f5bc4fc7215
USER000643,8a858fb85c3b2e0c015c3e568ed50066
USER000644,8a858fbd5cd6054a015cda2e86250976
USER000645,8a858fca5c830943015c83ea03b96004
USER000646,8a858fd3552c75620155418b25e524a5
USER000647,8a858fd858e2f19a0158f97e191916b7
USER000648,8a858fe45cd62cbf015ce8a5a46a57a7
USER000649,8a858feb55f82bbf0155f95ae54a1925
USER000650,8a858ff455a09f5a0155bb3d7ced7fe8
USER000651,8a858ffb5b350b52015b355b3ea542d3
USER000652,8a858ffd5c8d343d015c9e133a453a31
USER000653,8a858e175872e14e015876e1c25212de
USER000654,8a858e6f5cd5e874015cead5d36b257a
USER000655,8a858ec35a428dcc015a460e4bbe2929
USER000656,8a858f0b5b5ddd79015b5e73ab0e5443
USER000657,8a858f475b8bd761015b8c03cb5920cf
USER000658,8a858f78550ba10401551b5beb391078
USER000659,8a858fdc57b91cfc0157d2d576b01016
USER000660,8a688b474ed5e088014ed8b6c50c5f51
USER000661,8a85886f54517ee0015458b911ab289c
USER000662,8a8588dc536a141301536b50d8aa10b5
USER000663,8a8588f853b1b2d40153be4cdb8c6810
USER000664,8a85893d53e2e2f30153e9fb36255f0c
USER000665,8a85898a53bc15600153c7b188b67a9e
USER000666,8a8589f853efac520153f0ce27f61ee1
USER000667,8a858e0a5b192e2e015b194726201191
USER000668,8a858e105c1c09c8015c1cc872e155e5
USER000669,8a858e1e54e2aa5a0154e7e0494068e1
USER000670,8a858e225c404292015c4bc05b45616d
USER000671,8a858e345bd96da8015bdcde39b37570
USER000672,8a858e395ceefc8e015ceefcfdc3005f
USER000673,8a858e475c127bce015c16382ae853cb
USER000674,8a858e51584a1fc701584a2d9653035b
USER000675,8a858e5856b7840c0156c2fa23987086
USER000676,8a858e64590ae20001592d0712656fd5
USER000677,8a858e69566ae5b8015684f4642c1f37
USER000678,8a858e6c5c88d145015c96155c47559b
USER000679,8a858e705cb15527015cbfdc11d0733e
USER000680,8a858e785c8d9167015c9d882f8c173e
USER000681,8a858e875c63d395015c69cfb3733438
USER000682,8a858e935b496584015b49b68b7a2343
USER000683,8a858eaf582fd5aa01582ffc7e8b117f
USER000684,8a858eb75c21a2b9015c300ec2d16eee
USER000685,8a858ed158f3044d015906884426348c
USER000686,8a858ed55c63db54015c753ba4d83da3
USER000687,8a858edb5bd936e4015be7b71da27564
USER000688,8a858ee0564adc5001564f944be67238
USER000689,8a858ee758b4c54a0158b7169a3f41cb
USER000690,8a858ef255c55fd60155d8d393c94853
USER000691,8a858f025c10dbcc015c113d455932a1
USER000692,8a858f065b1fe50a015b1fed920f0c90
USER000693,8a858f105b433879015b4367a838435d
USER000694,8a858f1e5cef1d91015ceff83cb8577f
USER000695,8a858f2c59b684590159b6d6a5242df3
USER000696,8a858e6c5c88d145015c9817fa35283d
USER000697,8a858e71570f2c6b01571500eaba110b
USER000698,8a858e79568ec7de015690a5594b3bea
USER000699,8a858e875c63d395015c6e39cd9f2273
USER000700,8a858e8e5bed1968015bed2ff2c80fc2
USER000701,8a858e985885ff6d015888f527e12be6
USER000702,8a858eab5cf9c4c8015cfa60fae235fd
USER000703,8a858eb95b8c2f6e015b8d569e153fb6
USER000704,8a858ec45577f83e01557cf8b0ab3bc9
USER000705,8a858ed35cd57328015cd582fc530a4a
USER000706,8a858edb5b671760015b67573f222acd
USER000707,8a858ee055ffbe17015602a7bc1c59f7
USER000708,8a858ee45a22cbec015a23631b0c46cf
USER000709,8a858ee75a1db75f015a1df3eb031cf7
USER000710,8a858efb54ccb4820154cdc92e2239fc
USER000711,8a858f045bb63525015bbfc1e9654aba
USER000712,8a858f085bcf44be015bd2e931310a74
USER000713,8a858f1955b1c4df0155cdbeafe97a3e
USER000714,8a858f255ca276c5015ca67eb9b05780
USER000715,8a858f2c59caaf2c0159cb0d4b953714
USER000716,8a858f305c8dd672015c9ba6b0c50159
USER000717,8a858f365b2547f3015b25c392084b59
USER000718,8a858f3d5add42e2015ae1afc0810894
USER000719,8a858f4f552ae10101552bbe69264046
USER000720,8a858f585bfd6341015bfed6f96d6046
USER000721,8a858f60560bc43d01560d6ed8b068e6
USER000722,8a858f6a5d1e09b3015d28d2bea41914
USER000723,8a858f725b49c0c0015b4f1f05784037
USER000724,8a858f7a5ca22d3c015ca282b1ac2e08
USER000725,8a858f8c5ca0e7fe015ca109320612e2
USER000726,8a858f99560bbe4501561ba1e2496884
USER000727,8a858fa154e2912f01551033886c784b
USER000728,8a858fab5cd5e1a7015cdc164d57632a
USER000729,8a858fb15b34a708015b38878020108b
USER000730,8a858fb95b5d059d015b5d19f66e182b
USER000731,8a858fc15b68ba6a015b7765e93d54fa
USER000732,8a858fd05bfd7d3c015c00f3ab130a8d
USER000733,8a858fd85b685607015b75c236d17101
USER000734,8a858fea5b8c314d015b8d032aaf7347
USER000735,8a858ff257048b5001570c67315b660b
USER000736,8a858ffc5aa39049015aa5111d27328c
USER000737,8a8589ec542eaa89015443b229544ffe
USER000738,8a858e2d597cf6250159830fb43c57ac
USER000739,8a858e875c63d395015c68fde9f9525a
USER000740,8a858f1b5b9136f7015b9f66e5c5327c
USER000741,8a858f7e5c69a6e3015c6f838d472fa2
USER000742,8a858fb35a9469ec015a94f9554a5d13
USER000743,8a858ff9580b881201580bac5a811068
USER000744,8a85886f54517ee001546a2717571d36
USER000745,8a8588f754a058cb0154b922d7fe1ffd
USER000746,8a85893d53e2e2f30153e587432034bf
USER000747,8a85897353d85af80153d8a368020159
USER000748,8a8589c1545181f3015466b5659a4299
USER000749,8a858e0156b782a10156b96d30cb5b73
USER000750,8a858e055ac84a51015ac9a10d857523
USER000751,8a858e105c1c09c8015c1f8d43752c0a
USER000752,8a858e155cd052b0015cd2a48d745802
USER000753,8a858e215ca77c7f015ca8e61b12437c
USER000754,8a858f3159f585d30159f9b058fc1e2f
USER000755,8a858f3a58a6d6720158b1b681871a59
USER000756,8a858f415686c0ab0156893370741aa5
USER000757,8a858f4e5d1d97f9015d1da5168f0863
USER000758,8a858f6055f82d2c0155f8c77b2b072d
USER000759,8a858f665cf43442015cf4504cd91679
USER000760,8a858f775d0e8a23015d1213843d3896
USER000761,8a858f7b5ca7abe3015cab4166a26278
USER000762,8a858f885adcf4e8015addc0f5b3608c
USER000763,8a858f8e5c5f46fc015c62dc39102d88
USER000764,8a858f935b8753e6015b87cd4412251d
USER000765,8a858f9c5be882ce015be8911fac0b0f
USER000766,8a858fa05c82907b015c82d5933a2b8a
USER000767,8a858fa3552ae112015546dc8ab052c2
USER000768,8a858fa5552add5d015545f1fbad57f0
USER000769,8a858fae59ac8f090159ac9a70b80cb8
USER000770,8a858fb959b74eaa0159ba8cdd0f0142
USER000771,8a858fc55b00e79e015b055959ee5e97
USER000772,8a858fce5bed2476015bed31fd290906
USER000773,8a858fd35b5dfefb015b5f002aa050a3
USER000774,8a858fe5569398920156b44aab096abc
USER000775,8a858fea5b8c314d015b8d51dc2d7d31
USER000776,8a858ff554d9de480154ddfe4f3773fb
USER000777,8a858fff5c79144c015c7bdbfc086ce1
USER000778,8a858e105bd92644015be472bab768c3
USER000779,8a858e5b5ca767e1015ca9d8f9d750f4
USER000780,8a858eb65c3b3074015c44572e8e1e23
USER000781,8a858f1f586c8fc801586de4f21d0d16
USER000782,8a858f6155f96a03015609643bf3459e
USER000783,8a858fbc5cc666c8015cc96627e2022d
USER000784,8a858ffa5ad810ff015ad82004960681
USER000785,8a85881053bc33670153c5ffe58162b8
USER000786,8a85888c54be35040154c4d992b40fbe
USER000787,8a85890253e2f1180153eabcfe945ac3
USER000788,8a858953548fb0c001549d3ca0e6369c
USER000789,8a85897353d85af80153e04f81f05fc4
USER000790,8a8589ec542eaa890154333363443077
USER000791,8a858e0156b782a10156c6613e7c4b5f
USER000792,8a858e045b495c30015b4bd1bd395aad
USER000793,8a858e0b5cfa2028015d099b789b229f
USER000794,8a858e205c21d53a015c326a63a866a2
USER000795,8a858e245c58e0d6015c594f0b5c278e
USER000796,8a858e35589c0ac00158b072c1a97520
USER000797,8a858e495bf8527e015bf937253b50ff
USER000798,8a858e5856b7840c0156c26bdcbc4567
USER000799,8a858e6656322b0f01564d0f26735252
USER000800,8a858e6c5c88d145015c9e3b482226ac
USER000801,8a858e705668e167015669d13a392b04
USER000802,8a858e775c362114015c3f2c2ab26946
USER000803,8a858e8c5d37e319015d3bac80e24f51
USER000804,8a858e905ce98e8d015ce9cfdf3f2053
USER000805,8a858e945bfdb9e7015c040d93016282
USER000806,8a858ea75b1fd476015b21f082c92965
USER000807,8a858eb75c21a2b9015c34ec66d87d38
USER000808,8a858ebd590802ef01590e00992f511e
USER000809,8a858ec55ca7919d015ca821f41f2ce1
USER000810,8a858ed4584472cf0158498a96c2476c
USER000811,8a858e245c214660015c2ad957886351
USER000812,8a858e345a04f20b015a0a8f17e174f4
USER000813,8a858e445cd56553015cd93e66b47d16
USER000814,8a858e4b5a94ae68015a9ed1b2e56376
USER000815,8a858e5b5bd99460015bdc95cd485634
USER000816,8a858e625c8d993a015c91c4ee862bc9
USER000817,8a858e64586254230158665e299575fb
USER000818,8a858e6a5bfd4b54015c0297d9ee75fb
USER000819,8a858e6f5cd5e874015ce0e5d4c235ba
USER000820,8a858e785c8d9167015c9b7982962ea1
USER000821,8a858e865bd4175e015bd85ed8ed6940
USER000822,8a858e8b5a8a77a9015a8d99c3190691
USER000823,8a858e935b496584015b499133091139
USER000824,8a858e985ccb51e8015ccebfae800d52
USER000825,8a858eab5cf9c4c8015d034b5561731d
USER000826,8a858ec05ba5ca1d015bae063b2f4ee5
USER000827,8a858ecc5a60be73015a60c1abbe0296
USER000828,8a858ed55c5f1965015c623223f50a2c
USER000829,8a858eda552adcc201555d90a72d7a22
USER000830,8a858ee55cb156e6015cbc9977ac4911
USER000831,8a858eed5756fb0e015758826c1076d8
USER000832,8a858efa5b444739015b47adb9a25de1
USER000833,8a858f045bab240c015baf9f84ab6e67
USER000834,8a858f0f5bfd79d2015c08207d265627
USER000835,8a858f17597cf41201597d304e420226
USER000836,8a858f1f58716185015877272a5b5d18
USER000837,8a858f295c8d307f015c9897ad450f86
USER000838,8a858f30551130db01552563f6780605
USER000839,8a858f465668e3d601566c0daeb24682
USER000840,8a858f495a70f465015a76e95fa42c3d
USER000841,8a858f505cf46e04015cf46f85330131
USER000842,8a858f585cf9d48b015d033bfc6e1de3
USER000843,8a858f5f55f9698c0156004d35076ede
USER000844,8a858f615b910db3015b9f5182bb5df7
USER000845,8a858f6d5a7fef7d015a81cbcf5133e6
USER000846,8a858f785cea234f015ced8b948d22bb
USER000847,8a858f7e5c213ef4015c258219290f35
USER000848,8a858f965c6950da015c7afb7d9f426b
USER000849,8a858f9d5668e3f1015674c7847e34a0
USER000850,8a858fa257d8223c0157e7e6ce253dd8
USER000851,8a858fa459e0a1340159e1f07d045910
USER000852,8a858fab5cd5e1a7015cd624bb8b1f08
USER000853,8a858fb45bb59c21015bc8d6712368ac
USER000854,8a858fbd5cd6054a015ce63fd2ae1580
USER000855,8a858fc55b2fde30015b32b1b8a7763c
USER000856,8a858fcd56b9f22c0156d5a3112d0270
USER000857,8a858fd55c45ba15015c468cb4463013
USER000858,8a858fda56562f8f015663f921ac0cee
USER000859,8a858fe45cd62cbf015cd8d4b0473ee5
USER000860,8a858fea5751aefe01575d9c176d4375
USER000861,8a858ff455a09f5a0155bc4ffceb6327
USER000862,8a85886e5410189001541a3d92df3588
USER000863,8a858e245b680423015b7533a0a14d64
USER000864,8a858e6b5d1885ce015d1888318b0258
USER000865,8a858eb85c1be44c015c1c8e37dc38ae
USER000866,8a858f055d0e3d8c015d0e7e0b242cf2
USER000867,8a858f345c1075d5015c10d553c82ba2
USER000868,8a858edc554f009d01555ef4a344093f
USER000869,8a858ee0560bc077015622853dd2708e
USER000870,8a858ee55cb156e6015cb66be8d56d5f
USER000871,8a858ee85aa98890015aaabaf01461b8
USER000872,8a858ef25cd0c652015cd2107ef43653
USER000873,8a858ef85a613c85015a6645c8f248dc
USER000874,8a858f0056b7cf8e0156dc169f9a3b31
USER000875,8a858f0656b7820c0156b7907a9204fc
USER000876,8a858f0d5a859ac0015a88c53e791cad
USER000877,8a858f155b38a417015b38be6a8826ce
USER000878,8a858f205ccfd9d3015cd04514bd39c1
USER000879,8a858f295c8d307f015c98cd79df18f9
USER000880,8a858f2c59c89d5a0159ca42dc8c1a40
USER000881,8a858f315ccb979d015ccfdb46730c21
USER000882,8a858f3455a0d8070155a10f5ce91063
USER000883,8a858f3e589c40610158aeb00ff65aaf
USER000884,8a858f495a70f465015a77105b502f88
USER000885,8a858f555d0e96d1015d125689135609
USER000886,8a858f585cf9d48b015d07dbb8c03999
USER000887,8a858f6055f96ad20156058de05c0cfc
USER000888,8a858f6e5cb16eb9015cb17cd36f0711
USER000889,8a858f74584a54aa015854d6e7027ac1
USER000890,8a858f7e5c69a6e3015c74334d791005
USER000891,8a858f8e5c5f46fc015c6242c82b7c0b
USER000892,8a858f975c4582c4015c4c882e054c96
USER000893,8a858f9f5679951a01567a5b90644817
USER000894,8a858fa257d8223c0157dd6713ec7d05
USER000895,8a858faa56dffac60156e220912a0f6d
USER000896,8a858fb85b81c658015b81c8079a01b6
USER000897,8a858fbd59e06eb70159e0cd82c232fc
USER000898,8a858fc65cf978f4015cf97cee3a02ce
USER000899,8a858fd05bfd7d3c015c0c8b72ce4682
USER000900,8a858fdb5b8094e2015b80ac5cd70f9f
USER000901,8a858fec5c169ff0015c16c6e3b61925
USER000902,8a858ff556236fa8015626551cd23d08
USER000903,8a858fff57becca70157c9a4c75303d3
USER000904,8a858e245b680423015b6d059cd13978
USER000905,8a858ecc5a94fab9015aa06814d84c2d
USER000906,8a858f095b86f177015b870bcd871302
USER000907,8a858f315ccb979d015ccf4c25dd439c
USER000908,8a858faf5679a838015692f7a8f831d7
USER000909,8a85881053bc33670153c65bdb937097
USER000910,8a85884e548fad6501549a9435d71e85
USER000911,8a8588dc536a1413015375acd19d4154
USER000912,8a85891e53ad0e6b0153b02de6592330
USER000913,8a8589595384a8530153a32a2e9f584d
USER000914,8a8589b953bc23f70153c19cb08a6c49
USER000915,8a858e0156b782a10156c72b56162057
USER000916,8a858e0f5c45466f015c518a7d2e5bbe
USER000917,8a858e185b4923b4015b4cd7cae6255f
USER000918,8a858e225c404292015c4a9957024ee5
USER000919,8a858e345be813ea015be9d95ff314df
USER000920,8a858e44573d4b37015750d2bd534777
USER000921,8a858e525cac859d015cacebddac2d5c
USER000922,8a858e585beda464015bf183f05c64ff
USER000923,8a858e685adba68e015adc083601467b
USER000924,8a858e6c5c88d145015c89430ef61a5d
USER000925,8a858f6c570f2d660157231c6d3e7037
USER000926,8a858fd75bc96a6f015bca93597064b2
USER000927,8a858ff556236fa8015625ba7aca1533
USER000928,8a85881053bc33670153cba1f98e6d19
USER000929,8a85888c54a05b820154a7b470875afa
USER000930,8a8588f8541e11db01542a1ef37c7f27
USER000931,8a8589125340c9660153418093970e29
USER000932,8a858966538deb19015395798cfa3ee0
USER000933,8a8589ac53a4303e0153a8be7be02653
USER000934,8a858e005b4830ef015b4833bcc6027e
USER000935,8a858e0458c1f4620158d00068ba7049
USER000936,8a858e0b5d1d8104015d1dcb82a0210c
USER000937,8a858e105c1c09c8015c1fd4eb915326
USER000938,8a858e185b4923b4015b4c4dd82a073b
USER000939,8a858e245b680423015b6b3689d46b4b
USER000940,8a858e2d5bc95851015bc98eb8fc1575
USER000941,8a858e3654e2a8240154eed94fe84954
USER000942,8a858e405c7d6d65015c7da263c017a1
USER000943,8a858e495bf8527e015bf879fcbd1ba0
USER000944,8a858e51584a1fc701584f9840341f42
USER000945,8a858e59569397d501569767f9776c1f
USER000946,8a858e635bd8fe1e015bd92b99e21721
USER000947,8a858e69566ae5b801568db4c5892cb6
USER000948,8a858e6c5c88d145015c9e2125702448
USER000949,8a858e6f5cd5e874015ce6601edf7c48
USER000950,8a858e7e5b159af5015b159ee41e0440
USER000951,8a858e8b5bc9e7e6015bcd7374077f0c
USER000952,8a858e945bfdb9e7015c0fab19aa6d1c
USER000953,8a858ea85d0e7ed2015d11f3b4b713fb
USER000954,8a858eb4588604f7015897011ae05062
USER000955,8a858ec555f96a9a0155fdc921c70107
USER000956,8a858ed75bb64559015bc2d5fd306eaf
USER000957,8a858edd5c8348c4015c862319f96e04
USER000958,8a858ee55cb156e6015cbc1bccd03c5d
USER000959,8a858eec5aaf010c015ab23a55167a3a
USER000960,8a858ef95bf799a0015bf7ad8a020a28
USER000961,8a858f045bb63525015bbe9dae432d73
USER000962,8a858f095c3b2c30015c3ed334092d6d
USER000963,8a858f0e5a6171ba015a6a0391d80c8c
USER000964,8a858f1b5b9136f7015b9fe054cc67b2
USER000965,8a858f265cfa1a64015d082fd3c93380
USER000966,8a858f2a5d313efd015d316569111776
USER000967,8a858f315bf749da015bf75e46bf0cf8
USER000968,8a858f415ba54724015ba8f78f4944a1
USER000969,8a858f4d5b809e68015b81066a333b6b
USER000970,8a858f555cc65d60015cc8c9b8a84631
USER000971,8a858f605623784501562ba579fb44dd
USER000972,8a858f665c2142a0015c30eb258f3d74
USER000973,8a858f6e5a951fc2015a9e1a76993ed7
USER000974,8a858f7d5af8271d015afa911cd028f4
USER000975,8a858f855d417b4d015d41a765711bd1
USER000976,8a858f8f5bcde0f4015bcde1dbd7002f
USER000977,8a858f975c4582c4015c536f14707d09
USER000978,8a858fa05908043801590d4b1887715d
USER000979,8a858fa4552add9f015548abf546345d
USER000980,8a858fad5ccb633e015ccf104c2b2dcc
USER000981,8a858fb15d41fc6b015d46e274915b02
USER000982,8a858e6f5668e01701568f65c3b52b07
USER000983,8a858e775c362114015c36a682ab27ad
USER000984,8a858e7c588604a4015895a4d8541dea
USER000985,8a858e875c63d395015c75092d8136d9
USER000986,8a858e905d41e83b015d443e540c5211
USER000987,8a858e9b5b47ecc1015b4810b9de1ab0
USER000988,8a858eb25b5d2e82015b5d35c1bb094d
USER000989,8a858ebb5aeb0312015aeb2fc1582084
USER000990,8a858ecb5bf33c30015bf4344b434718
USER000991,8a858ed55c63db54015c72c0594c01f4
USER000992,8a858edd5c8348c4015c83b50abf26f4
USER000993,8a858ee0560bc077015617223d040e96
USER000994,8a858ee55c830000015c84c6a8681828
USER000995,8a858eea5a28c38d015a2e1c849c2e82
USER000996,8a858efe5bca0a81015bcb07db2929c0
USER000997,8a858f055c831d5b015c8494b1046178
USER000998,8a858f0e5a6171ba015a64e154820783
USER000999,8a858f1f5c16cb02015c170c7755239d
USER001000,8a858f265c2187bd015c25ec8a997bf3
USER001001,8a858f2e5c699f3a015c6d9e1364767d
USER001002,8a858f305cb1ec4e015cc06c3e78725c
USER001003,8a858f375b493337015b522f73813498
USER001004,8a858f3e5885ffa301588dc197775826
USER001005,8a858f515d3c8b43015d3d75e17056ac
USER001006,8a858f585cf9d48b015d0415fe863a5f
USER001007,8a858f605b911d60015b9a7f64f15e1f
USER001008,8a858f6c570f2d660157205f16c91710
USER001009,8a858f735922163501592b85494d1ab0
USER001010,8a858f7d5be8748c015be8ce824c40a3
USER001011,8a858f905c06a9c0015c0c75e37a5974
USER001012,8a858f9b5c589341015c5905fe4f3ef8
USER001013,8a858fa25bd92c20015bdce8b15b239b
USER001014,8a858faf55d95d930155db6ec1274592
USER001015,8a858fb4563228d201564105636c1fa9
USER001016,8a858fba5cd5feee015cda6c1ed22803
USER001017,8a858fc65c7e0e55015c7e18140c0551
USER001018,8a858fd3552c756201553571d2fe62e3
USER001019,8a858fdc57ab280a0157add33ef337c4
USER001020,8a858fed5a28bf0e015a3429dabf6bab
USER001021,8a858ff25c8250c1015c8265f4c80e02
USER001022,8a858fff5a28d297015a338c644f5053
USER001023,8a858e045b495c30015b4a974c224cf4
USER001024,8a858e475c1c2ea7015c1c66467d14ca
USER001025,8a858ed75bb64559015bbf81e3632d56
USER001026,8a858f475c11bc72015c131399ff0768
USER001027,8a858f9d5668e3f101566a6e9722794c
USER001028,8a858fd3552c75620155525f87523b72
USER001029,8a26bd845089f1d7015090b1d6f53bad
USER001030,8a85888c548fb3d501549593ea277c88
USER001031,8a8588fd53c244bc0153cda4fd4a486b
USER001032,8a85895054a061920154bc6d424318e0
USER001033,8a8589a453bc422d0153c79866fb760d
USER001034,8a8589d8548faed501549fb0909d12b2
USER001035,8a858e0256b781d80156cba3c23c4467
USER001036,8a858e0758715ccc0158716bbc9704d7
USER001037,8a858e125a48129b015a4af97ed06160
USER001038,8a858e1a5bd8a6ae015bd8fee0f624a8
USER001039,8a858fbc5cc666c8015cc9d453ef2af3
USER001040,8a858fc55d5b019b015d5b1a5eb20dec
USER001041,8a858fd15b15df91015b16a9537a3cf4
USER001042,8a858fd65b80c79a015b80f0ca4d18d8
USER001043,8a858fda5d37b00c015d398ba9244b9a
USER001044,8a858fe5569398920156b5c197c9790d
USER001045,8a858fe95c88ee44015c88f55a2301aa
USER001046,8a858ff25c88461c015c88c3646d40ea
USER001047,8a858ffd5c8d343d015c96dcce096a33
USER001048,8a858e335c1122c5015c1187707f28ce
USER001049,8a858e6c5c88d145015c9dd6f5d21b4b
USER001050,8a858e935ba4b360015ba4e2f2810e78
USER001051,8a858f2b5bf35819015bf4754ed45734
USER001052,8a858f7e5c69a6e3015c77988b05021a
USER001053,8a858fc159db69c40159df5366b93d96
USER001054,8a76e7d443e6e97c0143ed0a1f4d5331
USER001055,8a85886e541018900154117960df41f4
USER001056,8a8588dd54a3ead30154bad3d2962cce
USER001057,8a8588fd53c244bc0153d0a82ef81fd7
USER001058,8a85893d542e18bc01542e37365c120a
USER001059,8a85896f5345dcb801534ce82d2d0e99
USER001060,8a8589b953bc23f70153c12434a351b9
USER001061,8a858e005c2154c2015c2c44a86e0eaf
USER001062,8a858e065ccb8bc0015ccca62cf83466
USER001063,8a858e185b4923b4015b537a4383609d
USER001064,8a858e2155defefd0155ead8e6df411a
USER001065,8a858e255557edfe015558db096544c4
USER001066,8a858e395cb1d4d9015cc4deb919484a
USER001067,8a858e4e5b33db76015b33f2e41c1a9c
USER001068,8a858e5a5a0477db015a100e94100351
USER001069,8a858e615c832be8015c84b0c149554a
USER001070,8a858e675c3fe0a1015c52ff728c13e3
USER001071,8a858e6c5c88d145015c8b9627cd5a48
USER001072,8a858e705b3a03c7015b3dd170625b29
USER001073,8a858e8455f96c1c0155f9d5ae7e0d97
USER001074,8a858e8d5c35bc85015c376e591c637d
USER001075,8a858e955631db44015636df81135c1c
USER001076,8a858e9d5bfd7037015c0729a259179f
USER001077,8a858ea555d9e6020155ef96851d0817
USER001078,8a858eb456e0b9490157008699270938
USER001079,8a858ec05a9535db015a9d60ebd114d4
USER001080,8a858ec655f96b320156071dd95b4be0
USER001081,8a858ed75bc9016e015bcd6b0f6b5069
USER001082,8a858ee45a1e6afb015a1fb42e13541f
USER001083,8a858ee755a0c84a0155b9c44fbe72c9
USER001084,8a858ef25c8393f8015c86783932595b
USER001085,8a858efe5a408737015a411807b52fef
USER001086,8a858f045bc9690c015bc9a82a3c19aa
USER001087,8a858f0b5b5ddd79015b5dfc5b751844
USER001088,8a858f165bf7b5ca015bf7b8e30e0199
USER001089,8a858f215d2d2890015d30d3817d477e
USER001090,8a858f265c2187bd015c254fcc445d6e
USER001091,8a858f2c59b21e6e0159b36de4c1628e
USER001092,8a858f2e5cd09481015cd0a05cde084c
USER001093,8a858f3455a0d8070155a1276c4e1799
USER001094,8a858f3e589c406101589ef73f273508
USER001095,8a858f475be98d5f015beb6a225935b9
USER001096,8a858e225c404292015c4ead01420908
USER001097,8a858e255557edfe01556d88b29739df
USER001098,8a858e3654e2a82401550addb6133675
USER001099,8a858e445cd56553015ce5feaf637ede
USER001100,8a858e4e5b33db76015b33ebabde13b5
USER001101,8a858e5b5bd99460015be783dabb272f
USER001102,8a858e625c8d993a015c9d5faeb40644
USER001103,8a858e64590ae200015930db55c7084a
USER001104,8a858e6d5b252065015b2fdbe1cd542c
USER001105,8a858e705668e16701566f6b45c03059
USER001106,8a858e795b204ffc015b20a20c631a0f
USER001107,8a858e875c63d395015c6ef64f313cc2
USER001108,8a858e8d56b784480156bd9bd7f82e28
USER001109,8a858e945bee08de015bee8f994f3026
USER001110,8a858e9b560bbd6301561e50ee830cbd
USER001111,8a858eb45784f9280157880bb0201fd6
USER001112,8a858ec45577f83e01557f8138b426a2
USER001113,8a858ece58626302015868fab7d51a64
USER001114,8a858ed55c63db54015c69710b6a0b37
USER001115,8a858eda5c8863ff015c8c99ccc66fa7
USER001116,8a858ee55cb156e6015cc47b68eb2533
USER001117,8a858eef5554890501555f67fb433a28
USER001118,8a858f0056b7cf8e0156c21e03304536
USER001119,8a858f065bd31ee6015bd35984932c89
USER001120,8a858f115d0e6376015d0f0cfbb13c81
USER001121,8a858f1955b1c4df0155bc7e4d2773e1
USER001122,8a858f255ca276c5015ca294645c08af
USER001123,8a858f2a5b3f2121015b42331f955db2
USER001124,8a858f3355ae6a610155c1daebe61b76
USER001125,8a858f465668e3d601568add9c6a4fe0
USER001126,8a858f4b55df0f530155df6f850e26c8
USER001127,8a858f535908095c01591d4192101d04
USER001128,8a858f595ccb6f86015ccf6d152f4e87
USER001129,8a858f615578136301557e762f974b9f
USER001130,8a858f645a8ea316015a8eeb23a93384
USER001131,8a858f6f5b199197015b199ea5000d84
USER001132,8a858f7b5989da5401598ec5a8680cdb
USER001133,8a858f8b59e0e8980159e5bcc1e21094
USER001134,8a858f99560bbe4501561ee41ef71de5
USER001135,8a858f9e5a41dfd7015a41e5a0fa0665
USER001136,8a858fa25bd92c20015be4e23fd81404
USER001137,8a858fa65c7d5535015c7d5ba8a106d6
USER001138,8a858fad5ccb633e015ccc48d4cb3ea8
USER001139,8a858fb85cc5f243015cc61fb4dd2f63
USER001140,8a858fbf5b3a0b46015b3a7f3adc423f
USER001141,8a858fc75cd62882015ce9fe176d7837
USER001142,8a858fce5bab3591015baf92d0026db8
USER001143,8a858fd75cac5e18015cb07b3ed40e81
USER001144,8a858fda5ca12263015ca1a06c7f3657
USER001145,8a858fe5569398920156b6f3848b4b76
USER001146,8a858feb58c565cf0158cbc90faf2903
USER001147,8a858ffa55ca72a50155ead217ad624e
USER001148,8a8588f5542eb0d40154334e0a670186
USER001149,8a858e275b349e25015b3516dacc53a1
USER001150,8a858e6f5668e0170156746590702b81
USER001151,8a858ebd5b254c8b015b30b0a0ad33f0
USER001152,8a858f0b5ce95a85015cea02c2256301
USER001153,8a858f505c7e3a50015c7f8583ce536b
USER001154,8a858f565c3acb9d015c3b9369bb571a
USER001155,8a858f5e5566567d0155690345430c02
USER001156,8a858f6155781363015589cc40185843
USER001157,8a858f6858860440015891d0a7824f30
USER001158,8a858f6f57b9193a0157d194bbf90ec9
USER001159,8a858f785c87e70a015c8836e89b39f3
USER001160,8a858f7e5c69a6e3015c779b5d6c03b8
USER001161,8a858f905c06a9c0015c06f14e5506fb
USER001162,8a858f9d5c8779e7015c87822e4b0690
USER001163,8a858fa05c111612015c117471cb30c1
USER001164,8a858fa25bd92c20015be6644ca22cff
USER001165,8a858fb15b34a708015b34e097fa30af
USER001166,8a858fbb54ccb33c0154ce053f285f12
USER001167,8a858fc75b90e6b5015b9acbaac827a2
USER001168,8a858fd55c45ba15015c547556ac771e
USER001169,8a858fdb5b8094e2015b80b9c05a186f
USER001170,8a858fe45cd62cbf015ce8c27bea68ef
USER001171,8a858fee58d73f5f0158e2d82f3412d0
USER001172,8a858ffd5c8d343d015c8dd548a95120
USER001173,8a858e005c2154c2015c218a9a451516
USER001174,8a858e605ce99f55015cedf2244b175b
USER001175,8a858edb5b8210eb015b854c86cf1a6d
USER001176,8a858f1554da2c400154e25d20ae34c9
USER001177,8a858f9c56aaf37d0156b4a832543398
USER001178,8a858fd85b685607015b6ce657912f6d
USER001179,8a85882653e2eb990153ec156fa2537f
USER001180,8a8588dc5384a05f01539d3773865219
USER001181,8a858929535ff7a2015362423ea12578
USER001182,8a85896653f0fed20154047ec0720b35
USER001183,8a8589a7545186b10154757067323535
USER001184,8a8589f853f100fb015409cd02170e67
USER001185,8a858e0f58afbace0158cb199b892d2d
USER001186,8a858e165cf9d8e3015d072f06823b83
USER001187,8a858e1d5c5a460c015c5a7896251633
USER001188,8a858e215ca77c7f015cab1db72d2b63
USER001189,8a858e345bd96da8015bda16d32d2f3e
USER001190,8a858e375bcf8394015bd371116d6fba
USER001191,8a858e3e5965340601596af74f562c45
USER001192,8a858e4854d4be9d0154e1713f106e06
USER001193,8a858e5b5bd99460015be39f12b71b0a
USER001194,8a858e655b903189015b903875da03da
USER001195,8a858e6a5bfd4b54015c0f505e0043b5
USER001196,8a858e6f5cd5e874015ce084c86e2a87
USER001197,8a858e7b55deef140155e4ec2be045e7
USER001198,8a858e875c63d395015c6903770b542d
USER001199,8a858e8d56b784480156c0daba003ae3
USER001200,8a858e945bfdb9e7015c07e29b6e24ba
USER001201,8a858e9b560bbd63015612f7790c7b4f
USER001202,8a858ea4582fcdc801583f1e99c55e55
USER001203,8a858eab5cf9c4c8015d094a5d9036d5
USER001204,8a858eb65c3b3074015c3f96cf8c3fad
USER001205,8a858ebc572e1e3a0157390426b3300f
USER001206,8a858ec75bfd77c4015c03059d72473f
USER001207,8a858ed55c63db54015c785fae3160ce
USER001208,8a858ede5ca210f0015ca32170645e53
USER001209,8a858eee5872716901587b2be55c4193
USER001210,8a858f025bd49f21015bd8590bd83fe8
USER001211,8a858f505cf46e04015cf760b94b7ef5
USER001212,8a858f93572e873c0157515cbeb31187
USER001213,8a858fe35b8ba108015b8ba23e8e0143
USER001214,8a858fff5800e01e015801d5f11a5f45
USER001215,8a85882653e1a3e00153e1f8033b1233
USER001216,8a8588dc536a1413015376c0e10065b2
USER001217,8a8588fd53e2e6cf0153f0a40aa33209
USER001218,8a85893d53e2e2f30153f00df3e33622
USER001219,8a85896653e2e18b0153eb033c3b45fd
USER001220,8a8589b953d0be470153d166c59f388e
USER001221,8a858e0156b782a10156d773847c2452
USER001222,8a858e045cd5b1d6015ce34aae8e63ed
USER001223,8a858e0d59bbb9050159c0c33dfe4f9d
USER001224,8a858e135cb22031015cbb1fe09555f4
USER001225,8a858e1d5b2510b2015b300034ae4eef
USER001226,8a858e255557edfe015573d6e4223dc8
USER001227,8a858e325ac154c1015ac651913761f4
USER001228,8a858e36590808e3015946ced00e5b34
USER001229,8a858e425d5c1d76015d5fd6a1004453
USER001230,8a858e4b5c831f02015c839d82442fc7
USER001231,8a858e585693982b01569523bc104609
USER001232,8a858e5b5a80188b015a81895c596e21
USER001233,8a858e655cd0642d015cd13036454516
USER001234,8a858e6a5b814a98015b81925abc298e
USER001235,8a858e6d5b62e36f015b63142f1c30e8
USER001236,8a858e705668e16701567177b55b135d
USER001237,8a858e875c63d395015c72a2984d79c5
USER001238,8a858e8f5d41c974015d4529ae0f1220
USER001239,8a858e9b560bbd6301561ea184a0102d
USER001240,8a858eac5ad81473015ad8f0682934f3
USER001241,8a858eb45c11f9e4015c159f528b19ff
USER001242,8a858ec6560bc09801560d9fdd577fc5
USER001243,8a858eda5c8863ff015c976326e5032d
USER001244,8a858edf55ca17ba0155ca8650662602
USER001245,8a858ee55cb156e6015cc4b89a14412a
USER001246,8a858eee58727169015873e03f24718a
USER001247,8a858efa5c646292015c7398b96b4251
USER001248,8a858f055c831d5b015c864e7426076e
USER001249,8a858f0a5bf3716c015bf6a959052817
USER001250,8a858f11594a388001595ad3f6c06395
USER001251,8a858f1d5a848d2b015a84ac9d89217c
USER001252,8a858f275c451af5015c4f1c17f8475c
USER001253,8a858f2d5853901a01586650578e325f
USER001254,8a858f365b2547f3015b32c34eed3f93
USER001255,8a858f445d41ebbe015d50c105334acc
USER001256,8a858f505c7e3a50015c8186327f1fc8
USER001257,8a858f5d5963fbb701596945e671298c
USER001258,8a858f61560bc0e501560fb03225566a
USER001259,8a858f665c45930d015c50b87343345d
USER001260,8a858f735b437619015b437bf3d30bdc
USER001261,8a858f7e5c213ef4015c238dcbe76144
USER001262,8a858f885adcf4e8015ae0574e911902
USER001263,8a858f905c17123d015c177eb04038e4
USER001264,8a858f9c56aaf37d0156b726935e2616
USER001265,8a858fa257d8223c0157d8a5a7197d2b
USER001266,8a858fa5552add5d0155536bd49343f9
USER001267,8a858fae5b49223f015b49381b57146a
USER001268,8a858fb45bb59c21015bc2f6ab2a4b54
USER001269,8a858f0656b7820c0156bb6119ef0adc
USER001270,8a858f0e5a6171ba015a664da9bd5b28
USER001271,8a858f1e5cc4bc81015cc52a8b01416f
USER001272,8a858f275c451af5015c5882b88104e6
USER001273,8a858f2e5c699f3a015c6e10b65607c9
USER001274,8a858f335cea21f8015cea235c6500bf
USER001275,8a858f3b59eed4f10159ef24ce33295f
USER001276,8a858f475b5e370c015b609c69cd4c30
USER001277,8a858f545c887b44015c889b346f1575
USER001278,8a858f585a6a60cc015a6a8d08ab1e9e
USER001279,8a858f5e5bedf32a015bef9e533d6df6
USER001280,8a858f615aa951e2015aa957a59f07db
USER001281,8a858f725b49c0c0015b4d09b3876961
USER001282,8a858f79588789bd0158956c710947b1
USER001283,8a858f855b626c00015b6299c72131ae
USER001284,8a858f8f5bfd3cfa015c0cb3fc9139b2
USER001285,8a858f97594ab63d015978ba1184389f
USER001286,8a858f9d5bd44001015bd4bd9c2e2f04
USER001287,8a858fa358d4a4d80158ee50ccb46401
USER001288,8a858faf55d95d930155f2801baa36e7
USER001289,8a858fb05d37685a015d3b62a3ec64ef
USER001290,8a858fb959976ce0015998f0a628583b
USER001291,8a858fc159db69c40159dbabde1a2167
USER001292,8a858fc75cd62882015ceb58d8344b47
USER001293,8a858fcf5591c5cf015593299cf75a49
USER001294,8a858fd35b5dfefb015b5e006c1300fe
USER001295,8a858fd75bb62bbe015bc4d0514c622f
USER001296,8a858fde56eb02280156ff597b3933b2
USER001297,8a858fea5cc644ae015cc67ece482b6e
USER001298,8a858fee5d1878f4015d1884ac060cde
USER001299,8a858ff35acdd593015acddc6c7203de
USER001300,8a858ffb5b350b52015b386112da4435
USER001301,8a85889b53acd0a20153b21f8fc43a12
USER001302,8a858e1e5b1fc4ad015b1ff96614226a
USER001303,8a858e585693982b015698da71ca5342
USER001304,8a858e875c63d395015c69acee7b23e5
USER001305,8a858ec65cc6352b015cc9e4d1a71bf1
USER001306,8a858f065b1fe50a015b20ca1b6776de
USER001307,8a858f305c8dd672015c9665d0c0122b
USER001308,8a858fa95c695f85015c779c6bb8403d
USER001309,8a858fe55656a93801565f38ead003e0
USER001310,8a85882653bc51f50153c1b4a0127f64
USER001311,8a8588fd53e054170153e174e0b258ba
USER001312,8a85892854be331a0154c82ebaa37440
USER001313,8a8589a754386216015438a93cd229e8
USER001314,8a858e005c2154c2015c2cf818481eb3
USER001315,8a858e045cd5b1d6015ce403694c1191
USER001316,8a858e0c5bfceae6015bfcfabccb0a81
USER001317,8a858e135cb22031015cbb1bc347555b
USER001318,8a858e1e54e2aa5a0154e43dd98e059d
USER001319,8a858e235bd971a4015bdbb925cf4332
USER001320,8a858e2d5bb55d46015bc87e5f3d72b8
USER001321,8a858e455c1bf763015c1c05a746088b
USER001322,8a858e4b5cb1e4d7015cc1690bb93c0a
USER001323,8a858e585beda464015bef1043887889
USER001324,8a858e645591c24b01559c74651d5f0e
USER001325,8a858e685adba68e015adc08c7934770
USER001326,8a858e6d5b62e36f015b6510c8b02ff6
USER001327,8a858ee65be8d42d015be8ed0ebb0f5f
USER001328,8a858eed5a42df95015a435ce1762491
USER001329,8a858ef358d4a48e0158d50224cb12c5
USER001330,8a858efb54ccb4820154cd9a41672ee0
USER001331,8a858f005c59e532015c5a89b8405010
USER001332,8a858f085a477386015a47dc3a683d93
USER001333,8a858f145b42fac4015b43071e610aab
USER001334,8a858f1a5b66e6d6015b66ebd451051b
USER001335,8a858f2656e154de0156e1c737b11a5d
USER001336,8a858f2b5b870cfe015b870e2543007e
USER001337,8a858f2c5ca72bae015ca8b479831073
USER001338,8a858f335c8d9723015c8e03c1123a8f
USER001339,8a858f365b2547f3015b2d7c3d736f1a
USER001340,8a858f4156939c3c0156a2957b34644c
USER001341,8a858f4b55df0f530155ebb514c354cc
USER001342,8a858f565af28234015af2e8053c0ada
USER001343,8a858f5d5d56884c015d5a21e575563a
USER001344,8a858f635a8a972f015a8b9cb9d14bd5
USER001345,8a858f6f5b3f095b015b420385286ad0
USER001346,8a858f7958b0a4a80158b788cb270dda
USER001347,8a858f855bf2f1ad015bf67271165549
USER001348,8a858f8f5c87d0c8015c8835a5153de6
USER001349,8a858f99560bbe4501561769d7674785
USER001350,8a858f9f5bd99987015be6ee3a4317c5
USER001351,8a858fa4552add9f0155486adf77224e
USER001352,8a858fab5cd5e1a7015cdbcb4ba75d93
USER001353,8a858fb95bd896cc015bd8a2836b06eb
USER001354,8a858fbd5cd6054a015ce61d008912a3
USER001355,8a858fc9580b91da0158173d53626619
USER001356,8a858fd25c5a5bc7015c5d7b33f70f4b
USER001357,8a858fe756939bbb01569a4804eb511b
USER001358,8a858fef570f30e501571f8c9b393e0c
USER001359,8a858ff85bd93919015be5e2ee740cfe
USER001360,8a858e0059416900015959ea8c801312
USER001361,8a858e5555780ea001557c358eac1a2c
USER001362,8a858eda5c8863ff015ca0c606e96219
USER001363,8a858f125c5f88b1015c62b300050e57
USER001364,8a858f565c3acb9d015c4398b36817a8
USER001365,8a858fb557330de101574e0d803b1042
USER001366,8a8588235375c27f01537601102f108c
USER001367,8a85886e54beabf90154c3f2f2ba3e59
USER001368,8a8588f35451808f015475d4e4432f4f
USER001369,8a85893d53f104eb01540e4ca76369ad
USER001370,8a85897353d85af80153db21edaa0bf8
USER001371,8a8589b953d0be470153d1069c3f14cd
USER001372,8a858e0256b781d80156c65a6ffb2709
USER001373,8a858e135c78e673015c7c818dbd2262
USER001374,8a858e1a5bce88e5015bced034b62745
USER001375,8a858e255557edfe01557510da606263
USER001376,8a858e355908083001593c3acd320f4b
USER001377,8a858e445cd56553015ce90cc9241ba4
USER001378,8a858e585693982b01569cc35e894aed
USER001379,8a858e5b5bd99460015bdfb8f92e480d
USER001380,8a858e69566ae5b801569187d18d5bba
USER001381,8a858e6c5c88d145015c8d19eb99041d
USER001382,8a858e6f5cd5e874015cdf871bb30530
USER001383,8a858e785c8d9167015c8fed39cf53ae
USER001384,8a858e8455f96c1c0155f9bcfd1f0939
USER001385,8a85884e548fad6501549a053d8a74fd
USER001386,8a8588dd54a3ead30154aa7d6b092010
USER001387,8a8589045384bd83015384deb3ee0e13
USER001388,8a858966538deb190153a81904df118e
USER001389,8a8589b953d0be470153db2b81b56a23
USER001390,8a858e045cd5b1d6015cd6da7b3b4bf2
USER001391,8a858e0f5c45466f015c4a6560255de7
USER001392,8a858e165a47b2fd015a4b52c72e5a7c
USER001393,8a858e1c5bab1191015bae9d16cc1cf6
USER001394,8a858e245b680423015b6bf6df1d0f55
USER001395,8a858e335d1dd902015d25fb29be48ff
USER001396,8a858e375b347293015b3479e8930819
USER001397,8a858e4157e2d76b0157ed77f17c017b
USER001398,8a858e505ad27570015ad3a536d46c46
USER001399,8a858e585693982b0156ac0d9c0b17b1
USER001400,8a858e6455828e710155842b4ffa280e
USER001401,8a858e685acda506015aceb81564458d
USER001402,8a858e6f5cd5e874015ce7931b330a91
USER001403,8a858e785c8d9167015c913329f1730e
USER001404,8a858e875cfa37f5015cfd05416040d7
USER001405,8a858e8e5ca1f1a8015ca2d44044627e
USER001406,8a858e9a54d9121b0154dd1bfff23870
USER001407,8a858ea45b35639b015b356cbf34033a
USER001408,8a858eac5c451942015c5546798300e4
USER001409,8a858eb75c21a2b9015c2acd7e8b3ff8
USER001410,8a858ec655f96b32015607c12d57059e
USER001411,8a858ed159fabcd30159fb47c7062202
USER001412,8a858eda5c8863ff015ca085bbe55038
USER001413,8a858ee45b39aa80015b3b1a1d600f18
USER001414,8a858ee75afc09f4015b01127fe924ad
USER001415,8a858ef358d4a48e0158f275638d3eae
USER001416,8a858f0056b7cf8e0156c5d74c6a61a6
USER001417,8a858f065b1fe50a015b20ecfb9c00b0
USER001418,8a858f10579ff4360157a35217644d8d
USER001419,8a858f1f5c834d4f015c876553061133
USER001420,8a858f2b5998268e0159a1bb02794eb9
USER001421,8a858f3355ae6a610155bb33f4d141b7
USER001422,8a858f3959f562330159f9002c242c83
USER001423,8a858f455b5d1896015b5d192a1d0090
USER001424,8a858f4c5bb597f6015bc3cc1fbb7104
USER001425,8a858f545908094b01591c9388130f5d
USER001426,8a858f5a57519e48015757dbf8635809
USER001427,8a858f6055f96ad2015604e2b0530828
USER001428,8a858f6b570f2de901572f04bf9744c4
USER001429,8a858f775c35b709015c38f9bf933a2e
USER001430,8a858f7c5be8dc45015be91b35ae3413
USER001431,8a858f8e5c63d73e015c686a63141013
USER001432,8a858f975c4582c4015c509c73f62489
USER001433,8a858f99560bbe45015613ae87981a6d
USER001434,8a858fa459e0a1340159e1414e8942cf
USER001435,8a858fa95c695f85015c780af573028d
USER001436,8a858faf56b7821c0156c7d9d39142a5
USER001437,8a858fb95a951d1a015a99d458d711c8
USER001438,8a858fc25baeeeff015baf5022dc3611
USER001439,8a858fcb5bab1fda015baf266f6645c9
USER001440,8a858fd3552c75620155488cbd3f650d
USER001441,8a858fd85b685607015b70cf46b509b2
USER001442,8a858fe45a760203015a79d74d461d88
USER001443,8a858feb55f969560155ff2575dc44f4
USER001444,8a858e885c63d379015c682355b72343
USER001445,8a858e955631db4401563ca4a4b03287
USER001446,8a858e9d5bfd7037015bfdab79f61305
USER001447,8a858eb75c21a2b9015c2b5a48ba4a1e
USER001448,8a858ec05a4c05f2015a4c434c7220ac
USER001449,8a858ece5c88b58b015c8c3e06741fbf
USER001450,8a858ed75732b68101574cf214582d48
USER001451,8a858ede5ca210f0015ca2c76bcf492d
USER001452,8a858ee25b34d796015b359426605c33
USER001453,8a858ee55cb156e6015cc0454bef7c77
USER001454,8a858ef255c55fd60155d8d5a18048fb
USER001455,8a858f0056b7cf8e0156d23f675016f3
USER001456,8a858f0656b7820c0156c59a540644cd
USER001457,8a858f0f5bfd79d2015c0647c85b2c1d
USER001458,8a858f1f5c834d4f015c84b2654f537b
USER001459,8a858f275c451af5015c4bbd303b1a1f
USER001460,8a858f2f54e28d530154ecdd303004fa
USER001461,8a858f335c8d9723015c9b0913845868
USER001462,8a858f385b34d285015b352600354046
USER001463,8a858f415686c0ab015691ea91d45900
USER001464,8a858f54589736f40158a6bcd6ac24fb
USER001465,8a858f5c5ad7d927015adb8b97f96be0
USER001466,8a858f615623747d015626ec13826718
USER001467,8a858f6e5cb16eb9015cb56eb47d0a02
USER001468,8a858f79588789bd015888469c4b2ee4
USER001469,8a858f7e5c69a6e3015c78b9bc201fd4
USER001470,8a858f945b006ef8015b0073905c123e
USER001471,8a858f9f5bd99987015be23abcfc07f2
USER001472,8a858fa7590af88501592196d3045e65
USER001473,8a858faf5679a838015689cbfafd249e
USER001474,8a858fb65b2020b2015b20ce6d4a5e6a
USER001475,8a858fbc5cc666c8015cc9b715f420a8
USER001476,8a858fc75cd62882015cea7d48862701
USER001477,8a858fd55b1de2f3015b1e15a76017f5
USER001478,8a858fe05d421ff4015d4c5284f11359
USER001479,8a858fef570f30e501571f79fbe43bc4
USER001480,8a858ff554d9de480154e21a39165ddb
USER001481,8a85889853f0fbaa0153fb9927346076
USER001482,8a858e1e54e2aa5a0154e303c246237b
USER001483,8a858e625c8d993a015c9334d1f96fba
USER001484,8a858edd5b43cf21015b43d651cc0833
USER001485,8a858f6e5cb16eb9015cb264c7675236
USER001486,8a858fa25cfa127c015cfe948bf927b7
USER001487,8a858fda56562f8f01565f8c6f936c46
USER001488,8a390a2150ad97330150aebdd8ef7456
USER001489,8a858899538ddb8e01539138c80a2348
USER001490,8a8589045384bd8301539e134b745638
USER001491,8a85895354a059690154b945ddd2161f
USER001492,8a8589af547ff51b01548585b4fd5a8a
USER001493,8a8589ec542eaa890154302eec276194
USER001494,8a858e0458d4ac3d0158deee57f14d0e
USER001495,8a858e0a5668e69c01567af9d4890906
USER001496,8a858e125b1ff78f015b2100ab476269
USER001497,8a858e1d5cd58f9e015ceaef264365a0
USER001498,8a858e235bd971a4015bda37fb3d2ef6
USER001499,8a858e2d5bb55d46015bc6fa50f3384f
USER001500,8a858e3e5b1582df015b16f3bded6865
USER001501,8a858e475c127bce015c1a358a222097
USER001502,8a858e515bf280aa015bf2ca521e26a3
USER001503,8a858ff5562dc3b601562e96135108e3
USER001504,8a858ffd5c8d343d015c8dbf49dc49d5
USER001505,8a858e0256b781d80156c166816621f9
USER001506,8a858e5b5bd99460015be71e03dc77ed
USER001507,8a858eb35c5f4a42015c627e39b60d6a
USER001508,8a858f0456511c9401565a9725555220
USER001509,8a858f3e5885ffa301589243e9177b67
USER001510,8a858f8e5bf28eca015bf2c99325238f
USER001511,8a858fd85507735701550d603b101f21
USER001512,8a3442825124396701513514dad40fa7
USER001513,8a85886f54517ee00154528c65463d2b
USER001514,8a858900536a043401537f79fca22800
USER001515,8a85893d53f104eb0153f5a6a7d850eb
USER001516,8a858e005c2154c2015c258d28687efa
USER001517,8a858e055ac84a51015ac944e21e6883
USER001518,8a858e0f58afbace0158b493ecd36d7f
USER001519,8a858e165b90faf9015b94c5e95e727f
USER001520,8a858e245c214660015c22c54eda4ee0
USER001521,8a858e395cb1d4d9015cb4935f513aae
USER001522,8a858e475c127bce015c1537254d54f8
USER001523,8a858e5b5bd99460015bdf715c7c3f80
USER001524,8a858e645591c24b0155a225e1e83960
USER001525,8a858e69566ae5b80156926cd9070009
USER001526,8a858e6f5668e01701568cce2c403088
USER001527,8a858e755c118bd7015c11bc925a17a2
USER001528,8a858e875c63d395015c77406c2871b5
USER001529,8a858e9b560bbd6301561cd3a9a876c1
USER001530,8a858ea4582fcdc801583359de3754df
USER001531,8a858eb45c11f9e4015c155381857c47
USER001532,8a858eba5591bf28015598ec87fd1e4b
USER001533,8a858ec05aa3fb9e015aa4d476dd4a29
USER001534,8a858ec75c11a07a015c15118551127a
USER001535,8a858ed25bf83782015bfb706c897db3
USER001536,8a858ed75bc9016e015bc95fbf6d26e3
USER001537,8a858edb5b8210eb015b85ca659f7bc4
USER001538,8a858ee25a3bbf82015a3c7908d04c23
USER001539,8a858ee75a6156c0015a61eb99363c54
USER001540,8a858ef45be99ccb015bea1e47041821
USER001541,8a858f005a04ae6e015a1010b91f643f
USER001542,8a858f085b8a9695015b8aa42fb011ca
USER001543,8a858f0f5bfd79d2015c029412b86494
USER001544,8a858f1554e294490154e2f7ce342b18
USER001545,8a858f1e5cef1d91015cef5030131bfd
USER001546,8a858f265c2187bd015c2686b0ad1782
USER001547,8a858f285b14dddb015b14f3be5e0e9f
USER001548,8a858f2e5b81c373015b856bc8fe7b24
USER001549,8a858f365b2547f3015b30099a505307
USER001550,8a858f405b8a8635015b8a9315041536
USER001551,8a858f4c5bc9eb48015bcd23dd3f68d3
USER001552,8a858f5659bc0eea0159c07fa77e22e6
USER001553,8a858f5d5929e0fd015955a1888c516f
USER001554,8a858f665c2142a0015c347de1307886
USER001555,8a858f725bce8549015bceca7b8d2b13
USER001556,8a858f7a5ca22d3c015ca5b137de2cfa
USER001557,8a858f8b57a6f4c20157aeb720821edd
USER001558,8a858f955a61ad4e015a64d0dcbe6714
USER001559,8a858f985b3db23f015b3ddf9cd73ed5
USER001560,8a858fbf5b3a0b46015b3af60d0e64b1
USER001561,8a858fcb5ca240f7015ca5f067555ecb
USER001562,8a858fd3552c7562015544b88c3a31a3
USER001563,8a858fd75bc96a6f015bc9755c420457
USER001564,8a858fe25ab3f041015ab40e4e7e1007
USER001565,8a858fe758dc437a0158e524adb32ae2
USER001566,8a858fee580afd2b01581a65e7fe5263
USER001567,8a858ff85bd93919015bdf39c4bc513a
USER001568,8a858ffe5c1a48e5015c1ad76ba33341
USER001569,8a858e345c788b37015c7cc1579416d3
USER001570,8a858e6f5cd5e874015ce14db0643f8c
USER001571,8a858ece5b0142e3015b0f6361f57d8c
USER001572,8a858f3d5add42e2015ae1a08bd806dc
USER001573,8a858f8f5bfd3cfa015c0fee74363802
USER001574,8a858fc45c21da6f015c341888b47c64
USER001575,8a85880353acff880153b3c9f0d641b0
USER001576,8a85889853f0fbaa0154073e85277d85
USER001577,8a8588f35451808f015463833f3a00e3
USER001578,8a85890754145ace015429f1960607e4
USER001579,8a858959537a097401537f0fb3eb6abe
USER001580,8a85898a53bc15600153c1dd6f3f0aa4
USER001581,8a8589ec54517bf901545877e3dc1652
USER001582,8a858e0156b782a10156dfbdd6a1331c
USER001583,8a858e0a5668e69c0156782807775d39
USER001584,8a858e195d320ff1015d3211a37f011d
USER001585,8a858e215c7de5f2015c815830051943
USER001586,8a858e335d1dd902015d2c79c1c6425b
USER001587,8a858e445cd56553015ce34cef646cf3
USER001588,8a858e4f5b809b52015b80ed27b4244f
USER001589,8a858e5d57518f46015752de4ae9561b
USER001590,8a858e625c8d993a015c98e6bf820462
USER001591,8a858e675cc6685e015cc71129364424
USER001592,8a858e6d58b0cc520158bf39027938cf
USER001593,8a858e775c362114015c36e932dd35ae
USER001594,8a858e885c63d379015c686565a0408f
USER001595,8a858e8e59b255f50159b395d7435990
USER001596,8a858e985885ff6d0158aafe80cd6d88
USER001597,8a858ea35a28b88b015a32ef2263276d
USER001598,8a858ea55b58f026015b5b9fe1de7632
USER001599,8a858eb75c21a2b9015c2ba0610e5061
USER001600,8a858ec159932ece015996106bdc6ad9
USER001601,8a858ec65cc6352b015cc64525ea0763
USER001602,8a858edb552adcfd01553533c5ea078d
USER001603,8a858ee55830c4b90158341898b03594
USER001604,8a858ee758b4c54a0158cafdc6c6740f
USER001605,8a858ef25cd0c652015cd3abedd55ac6
USER001606,8a858eff5b393484015b393efe3a0bc8
USER001607,8a858f065b1fe50a015b201d16f43102
USER001608,8a858f125c5f88b1015c603d2810428c
USER001609,8a858f185d1daff6015d2103a303751b
USER001610,8a858f255cb1710a015cbf3f8a191f48
USER001611,8a858f285b14dddb015b14e86041057c
USER001612,8a858f2c59caaf2c0159caf948612ae2
USER001613,8a858f30551130db0155267824a054c9
USER001614,8a858f375b493337015b494169b00e07
USER001615,8a858f415686c0ab0156929b0c541685
USER001616,8a858f495bcefdb9015bd2ab3dc72788
USER001617,8a858e785c8d9167015c90a6e2c45e08
USER001618,8a858e885c63d379015c722183815a67
USER001619,8a858e935cd522f5015cd52dfd3f0936
USER001620,8a858e985885ff6d0158901f30661ab5
USER001621,8a858ea059cb30e40159cbb939584b95
USER001622,8a858eb75c21a2b9015c3411a0cc281b
USER001623,8a858ebb5a18039b015a183953ea16cc
USER001624,8a858ec9590ad35d015916ee532c7731
USER001625,8a858ecc5a60be73015a60f4ebd12743
USER001626,8a858ed55844707601584f421f9a2d79
USER001627,8a858eda5c8863ff015c99a949894a7a
USER001628,8a858ee25b34d796015b3562b4bb4ad4
USER001629,8a858ee65be8d42d015be92609c12873
USER001630,8a858eef555489050155675e193f77f7
USER001631,8a858efa5c646292015c789e1aa9260a
USER001632,8a858f0456511c9401565eca240c4b6c
USER001633,8a858f085b494826015b49a5957a252e
USER001634,8a858f0c5cef4be2015cf266791a0b01
USER001635,8a858f165af6a783015af6d939671ccc
USER001636,8a858f1f586c8fc801586cc4516e1b5c
USER001637,8a858f265c2187bd015c2299b08b2a9c
USER001638,8a858f2756cec0a30156db8888e92b10
USER001639,8a858f2e5c699f3a015c71ddba334a77
USER001640,8a858f365b2547f3015b32e1f8b753c7
USER001641,8a858f465668e3d60156731b480a054e
USER001642,8a858f4e5ca72981015ca72f23a303a3
USER001643,8a858f535bf336ac015bf403ba3d48b2
USER001644,8a858f665c2142a0015c3094c3c308dd
USER001645,8a858f6e5cb16eb9015cb7b42010582a
USER001646,8a858f7e5c213ef4015c2629c2f52ad4
USER001647,8a858f935760a61801577033195a28b1
USER001648,8a858f9956237491015627aff60128c9
USER001649,8a858f9e5a6b4fad015a6b925e3c29fd
USER001650,8a858fa35871618e0158775c47d17113
USER001651,8a858faa56dffac60156f70874ef1dfd
USER001652,8a858fb1563219690156465db83b5a7a
USER001653,8a858fbc594a495c01594a5d40b0035c
USER001654,8a858fbf5b3a0b46015b3b423a5c7167
USER001655,8a858fca5c35df2c015c39f8efd26149
USER001656,8a858fcd56b9f22c0156db6aff8428f7
USER001657,8a858fd05bfd7d3c015c0fdaffed5f55
USER001658,8a858fd85b685607015b75c2390b7173
USER001659,8a858fdc5c113e77015c11865629237c
USER001660,8a858fe55b013a0b015b046604a1542a
USER001661,8a858ff45ca0ec96015ca0f1094902d4
USER001662,8a8588ae53f1cb7c015418f319b81ecb
USER001663,8a858e365c16bcef015c17a1772f58bd
USER001664,8a858eb95591bf00015598cf72920b31
USER001665,8a858f0659ac58ce0159aca380b1374f
USER001666,8a858f615b910db3015b9d5e2cb60865
USER001667,8a858f965c6950da015c7ca00bf21715
USER001668,8a858fe5569398920156b6f29b764ab6
USER001669,8a85881053bc33670153c762675d3e71
USER001670,8a858899538ddb8e01539cefcf160450
USER001671,8a8588f7548fb0a301549ced5ac07c9d
USER001672,8a85892854a059ed0154a5a2e54f2c29
USER001673,8a8589a453d0b8850153dae4ffc66b8d
USER001674,8a858e005c2154c2015c2fb72f1e0b51
USER001675,8a858f535908095c01591ce9992f00c5
USER001676,8a858f5856373f8801563b682f941356
USER001677,8a858f5e599783c001599c3cf3c00419
USER001678,8a858f615591c2cc01559b469f4b03e6
USER001679,8a858f6c570f2d660157238b0c4a1bdd
USER001680,8a858f715d18a4cd015d18bdc15a0f9b
USER001681,8a858f7d5cf9aef9015cff00020175f0
USER001682,8a858f8a558227f2015583bcbdc23caf
USER001683,8a858f915b90250b015b904dd80c1f25
USER001684,8a858f9f5679951a01567ed9c8f81a84
USER001685,8a858fa154e2912f0154ecfb533d7a5e
USER001686,8a858fa459e0a1340159e4022e2a7a3c
USER001687,8a858fb55cb15505015cb162a14d053b
USER001688,8a858fbf5b3a0b46015b3b145cf86aba
USER001689,8a858fd3552c75620155484049c35a90
USER001690,8a858fd75ba49873015ba4e0e0881d32
USER001691,8a858fde5668e05501566a1fdd2c6208
USER001692,8a858fe756939bbb0156a9dd11cf4a7c
USER001693,8a858ff35acdd593015acf094819393e
USER001694,8a858fff5a28d297015a31b40f36371f
USER001695,8a858e2155defefd0155df91c4f63ade
USER001696,8a858e6f5cd5e874015ce10297ed3893
USER001697,8a858ee758a4dfbc0158b0eba61a2541
USER001698,8a858f475c7ea023015c7f44743f1d04
USER001699,8a858fa158f8ee8f0158fe8c5a574064
USER001700,8a858fee5c795f65015c7c54b76f0204
USER001701,8a85883353d0c4e90153dfca251168bc
USER001702,8a8588f35451808f01547acafc312bc2
USER001703,8a85893d53f104eb01540f07d008224d
USER001704,8a85898a53bc15600153c7933fdc686b
USER001705,8a8589b953bc23f70153c7bc036a2932
USER001706,8a858e0156b782a10156c74e46602d88
USER001707,8a858e0f5c45466f015c536697241575
USER001708,8a858e175b343fe2015b344c1e5b0f48
USER001709,8a858e1d5cd58f9e015ce559ea09786b
USER001710,8a858e225c404292015c4f19fdfb148a
USER001711,8a858e345bd96da8015be3ddca8f4af8
USER001712,8a858e3a54e33702015516e3d21a3f08
USER001713,8a858e3e5b3ee747015b3fd9dd5a1bd5
USER001714,8a858e5555780ea00155876191b967d5
USER001715,8a858e5e5d51031d015d513ff3b9267f
USER001716,8a858e655cd0642d015cd4f7cc5a1bfe
USER001717,8a858e6c5c88d145015c9b807b4d20d6
USER001718,8a858e705668e167015673bfd9d25042
USER001719,8a858e7c588604a40158a4fb616a3a9a
USER001720,8a858e885b68546c015b736088184034
USER001721,8a858e8e5ca1f1a8015ca6ccb89a4291
USER001722,8a858e955add2971015ae7ef19787097
USER001723,8a858e9b5bcf8546015bcff969fd0f8f
USER001724,8a858ea55ab92cff015ac0bca23f7dc2
USER001725,8a858eb35bd420f1015bd7e6ede02345
USER001726,8a858eb75c21a2b9015c2c44b7c361da
USER001727,8a858ec25a4d1d16015a4d40078b0a73
USER001728,8a858ec9590ad35d0159440bfe67201a
USER001729,8a858eda552adcc201554bd30a8b7730
USER001730,8a858ee25b874ecc015b88b064453ef7
USER001731,8a858ef45bcf0c76015bd27a6eed6adc
USER001732,8a858f035ac15096015ac6ca9b3e0879
USER001733,8a858f0656b7820c0156c88a1adb38b0
USER001734,8a858e045cd5b1d6015ce4c1eb434643
USER001735,8a858e0d59bbb9050159c1f9f1d667ec
USER001736,8a858e185b4923b4015b536354895cae
USER001737,8a858e215afc0662015aff1f28b91c4d
USER001738,8a858e255b910db1015b9762d6b73292
USER001739,8a858e3654e2a824015500c98d76622f
USER001740,8a858e3c585373380158693fa8522fdd
USER001741,8a858e51584a1fc70158595f611e49e6
USER001742,8a858e5b5bd99460015bd9ffce041c51
USER001743,8a858e675c3fe0a1015c4df608682d94
USER001744,8a858e6a5cc6b1aa015cc9618265495f
USER001745,8a858e705668e167015673997f4643f3
USER001746,8a858e7a56e509290156e53d504f1069
USER001747,8a858e8d56b784480156bc6edb9004d9
USER001748,8a858e945bfdb9e7015bfe4f9a9a2283
USER001749,8a858ea555d9e6020155f237d9231a38
USER001750,8a858eac5b3ece95015b427ffc7c3faa
USER001751,8a858eba5591bf28015598d9905c1ce2
USER001752,8a858eba5c884d2a015c9847893512ca
USER001753,8a858ec6560bc098015613ffe8fc317e
USER001754,8a858ece5862630201586bddffed6e88
USER001755,8a858edb552adcfd015548d747e725f7
USER001756,8a858edd5c8348c4015c8706b3eb4c5c
USER001757,8a858ee05989e8dc01598a1083fa036e
USER001758,8a858ee758a4dfbc0158ab94693037fd
USER001759,8a858eff55a090650155c536388d2f1b
USER001760,8a858f0656b7820c0156bd08609f17a2
USER001761,8a858f0c5af0a753015af0b5ebe3098b
USER001762,8a858f1358b9f0740158ce1285e272cc
USER001763,8a858f1955b1c4df0155d0562e6826b5
USER001764,8a858f255cb1710a015cb56393f60d1b
USER001765,8a858f2c59bc3fdd0159c76784c60d73
USER001766,8a858f305c8dd672015c91230d566c0e
USER001767,8a858f355ac88945015aca084ee050c2
USER001768,8a858f3b5c1c5a08015c1f69e3786a85
USER001769,8a858f465668e3d601566dfe49be619d
USER001770,8a858f4d5b809e68015b813974bc5538
USER001771,8a858f5659bc0eea0159c14345343398
USER001772,8a858f61560bc0e501561316091908f7
USER001773,8a858f6c570f2d66015712e38a287de4
USER001774,8a858f7d5578012a01557ea194d94948
USER001775,8a858f8a5acc54f5015acc5609080063
USER001776,8a858f935760a618015770289121231f
USER001777,8a858f975c4582c4015c4e9e717d6f6b
USER001778,8a858f9c56aaf37d0156b75f67c33f9b
USER001779,8a858fa3551e78cb015529b4a6b34007
USER001780,8a858fae57a00f390157ab0ad5915819
USER001781,8a858fb1563219690156352b4da842e8
USER001782,8a858fb95aa3c328015aa41ffd3336d5
USER001783,8a858fc15cd06c32015cd1ed477b4cb7
USER001784,8a858fc65c7e0e55015c7e2d1b3e10f1
USER001785,8a858fcd56b9f22c0156c2f2074c3bed
USER001786,8a858fd458639fcc0158680d96df6d18
USER001787,8a858fda56562f8f01566548972d1c9c
USER001788,8a858fe55b869107015b86d3071740d2
USER001789,8a858ff45be92ea2015be98c51742d1f
USER001790,8a858fff5a28d297015a33bc2e845305
USER001791,8a858e135cb22031015cb58116983b37
USER001792,8a858e585693982b01569a712be80e14
USER001793,8a858e5d5bf3454f015bf674714d1844
USER001794,8a858e635bd8fe1e015bd96654063492
USER001795,8a858e675cc6685e015cc9b6072010b5
USER001796,8a858e6f5668e01701566b0916350fbd
USER001797,8a858e705668e16701568ce4c9c06918
USER001798,8a858e7c588604a40158a75735995afa
USER001799,8a858e875cfa37f5015cfce9bc3a3abb
USER001800,8a858e8d56b784480156d65d90d422cb
USER001801,8a858e955add2971015ae0db3b3a00cf
USER001802,8a858e9f5b8a8db1015b8a91d6a3058c
USER001803,8a858eb95b8c2f6e015b8cb299b128a0
USER001804,8a858ec9590ad35d01592fc002540aa9
USER001805,8a858ece5cd05041015cd3c532892d4d
USER001806,8a858ed6557802d20155781a66d80cbc
USER001807,8a858edf5c69a538015c78ef1f506bd2
USER001808,8a858ee755a0c84a0155c428789463bc
USER001809,8a858ef05c63d3b5015c6586a32e0c77
USER001810,8a858f035ab947e3015abe0b9724749a
USER001811,8a858f085b905684015b9076e3041e25
USER001812,8a858f1554e29449015500bf86eb0ecd
USER001813,8a858f1959d168260159d213daf93761
USER001814,8a858f255cb1710a015cc4fa170b7538
USER001815,8a858f2c58dc6e680158ee00f462655f
USER001816,8a858f405d13c45f015d14c5b53c5668
USER001817,8a858f475be98d5f015bebddca3c5216
USER001818,8a858f4e5ba5e8d3015baa225ee45742
USER001819,8a858f545908094b0159148a350904a2
USER001820,8a858f5e5992fa95015994d38cc67941
USER001821,8a858f61587afbaf01587c8b719c1a6e
USER001822,8a858f685acd5951015acd609d0803c4
USER001823,8a858f725b49c0c0015b4f7c165e4827
USER001824,8a858f7c5c58ff48015c5905513601e3
USER001825,8a858f915cf8c38b015cf8c63c4800f6
USER001826,8a858f9a564355590156461a0da77401
USER001827,8a858fa057e2a0a50157e2a506a70353
USER001828,8a858fa25c120898015c15cdcecb5495
USER001829,8a858fa95b631878015b662ca5b446cf
USER001830,8a858fb05d2d03c8015d2e23db9d1560
USER001831,8a858fba5cd5feee015cdb7d7d574f0f
USER001832,8a858fc15b68ba6a015b6cdb644f7cea
USER001833,8a858fc959cbd1500159cd3bbcf57a04
USER001834,8a858fcf558237b401558b07734101d6
USER001835,8a858fd858e2f19a0158fed15f3a3806
USER001836,8a858fde5668e055015669d952634806
USER001837,8a858fe756939bbb0156a065ee3426d1
USER001838,8a858fee5c795f65015c7c0400af693c
USER001839,8a858ffb5b350b52015b3805c56a68d3
USER001840,8a858e0156b782a10156d90febe93799
USER001841,8a858e3c5cac9fcc015cb09fdd925a5a
USER001842,8a858e715bd3fa19015bd8374ee8611d
USER001843,8a858ec95aa84d3c015aa851aaf302d3
USER001844,8a858f125c5f88b1015c635135656052
USER001845,8a858f585bfd6341015c02982e0b7aff
USER001846,8a858f9f5bd99987015be244892f09c4
USER001847,8a858fe8586deed301586e21fcbe1254
USER001848,8a6a96044539adf801453c576ed213c4
USER001849,8a85884e548fad6501549b2ac62a44c6
USER001850,8a8588dc5384a05f01539af1485135ae
USER001851,8a858f9d5bd44001015bd4cd7c343311
USER001852,8a858fa257d8223c0157e3c2a5e45d82
USER001853,8a858fa4552add9f01553b45e3de1ac4
USER001854,8a858fab5bfd307b015bfd4d5b96114d
USER001855,8a858fb45bb59c21015bbb7beff83c2d
USER001856,8a858fba5cd5feee015ce4cfd02f62d8
USER001857,8a858fc75cd62882015ce8c205ed5e94
USER001858,8a858fcc5cf4a563015cf4d7285a1700
USER001859,8a858fd458639fcc01586c3e51e93ef7
USER001860,8a858fdd5d3268a5015d35c511010ad6
USER001861,8a858fe55b013a0b015b066bda6811b0
USER001862,8a858fee5c795f65015c79b29a141935
USER001863,8a858ff9580b8812015820412a203a63
USER001864,8a858ffd5c8d343d015c9108df9833cc
USER001865,8a8589ac53a917ed0153aaed86c82d91
USER001866,8a858e6a5c829229015c82ac07c30f58
USER001867,8a858eb55cf45581015cf4c50f3d4335
USER001868,8a858eec5aaf010c015ab38e3e383120
USER001869,8a858f335c8d9723015c9de697d52c35
USER001870,8a858f605b911d60015b9b0d0fce6913
USER001871,8a858f9f5bd99987015bda1a212c2cb6
USER001872,8a858fec5b191fb4015b1985b9d15b9c
USER001873,8a85882653bc51f50153cc4e2899446b
USER001874,8a85889953a91b8d0153ade2f64458e1
USER001875,8a8588f35438fe1201544cc7b44c5650
USER001876,8a8589045384bd8301539aa56b0d7404
USER001877,8a858966538deb19015392224ebd20b4
USER001878,8a8589a7545186b1015472f76aed2246
USER001879,8a858e035693e02901569984732a33ea
USER001880,8a858e0d58625b410158641fcfec1b72
USER001881,8a858e165a47b2fd015a4aff578837c6
USER001882,8a858e215c7de5f2015c81ce4f5e4902
USER001883,8a858e2a5cc5bf8f015cc61d74712929
USER001884,8a858e345bece94d015becf4b91c0882
USER001885,8a858e3d5c3b5122015c40325bfd5806
USER001886,8a858e4c5a715421015a7abbfbbd786f
USER001887,8a858e575bf80f73015bf94be93b55ce
USER001888,8a858e5f5a4d0511015a522ef53b26b4
USER001889,8a858e675b00c831015b01842e5f58e7
USER001890,8a858e6a5c829229015c8301076c4187
USER001891,8a858e6f5cd5e874015ce590db62623e
USER001892,8a858e735c5a4bed015c5d3b38ae514f
USER001893,8a858e7d5b8b0b92015b8b3728e92482
USER001894,8a858e8a5c1c14b8015c208efaab73e4
USER001895,8a858eac5ad81473015ad82f9d060702
USER001896,8a858eb45876dcc5015881a631eb3e07
USER001897,8a858eba5b681df4015b7b63e6ed6a23
USER001898,8a858ed457e2e6960157f65462117d64
USER001899,8a858eda5c8863ff015c959eef8a4678
USER001900,8a858ede5ca210f0015ca6ed01914144
USER001901,8a858ee55cb156e6015cc1111a7b6f79
USER001902,8a858eed5a476a3c015a47c534cb305d
USER001903,8a858f0056b7cf8e0156bb2a7ff97987
USER001904,8a858f0456511c94015651c1558f35f1
USER001905,8a858f0d5a859ac0015a868626a85d8c
USER001906,8a858f185d2cf38e015d2d3ab4542892
USER001907,8a858f275c451af5015c545fdacf532b
USER001908,8a858f2e5b81c373015b81c373e60000
USER001909,8a8588fd53f1099e01540eeac7633d4c
USER001910,8a85895054be35160154c4ecf44a240c
USER001911,8a85896653f0fed20153f9e6f6f27315
USER001912,8a8589c253ace09b0153b2009e002cba
USER001913,8a858e0256b781d80156c1a32a2f3369
USER001914,8a858e0a5668e69c01567a390d716175
USER001915,8a858e0f5577f57901558109093f578c
USER001916,8a858e165b90faf9015b95d2b5031316
USER001917,8a858e215ca77c7f015caa601f6e5976
USER001918,8a858e275b349e25015b34d29ff23232
USER001919,8a858e345be813ea015bea87369b2395
USER001920,8a858e395cb1d4d9015cbf845d616275
USER001921,8a858e445ca25ee3015ca2d9d82b2276
USER001922,8a858e4e5b66d372015b66db5e88070c
USER001923,8a858e5856b7840c0156bbd64c3e3d2f
USER001924,8a858e5b5ca767e1015ca8a7c45543d6
USER001925,8a858e6656322b0f015643271cc23836
USER001926,8a858e6a5bfd4b54015c0c3c5d021c4c
USER001927,8a858e6f5668e01701566fdae56a620c
USER001928,8a858e705cb15527015cbfedf6807c3c
USER001929,8a858e885b68546c015b7ea654f32b1d
USER001930,8a858e935b496584015b5791626f24f8
USER001931,8a858ea35c7ce42e015c7d14e11519d1
USER001932,8a858eaf570f3a0a01571e1288e00047
USER001933,8a858eb75c21a2b9015c303f610106b3
USER001934,8a858ec75bfd77c4015c00bdf0a967b1
USER001935,8a858edb552adcfd01553aaa3b64672b
USER001936,8a858ee0560bc07701560f6f3ba9095e
USER001937,8a858ee75a191ef8015a19ffa6b762f0
USER001938,8a858ef25c8393f8015c863b8c0549f7
USER001939,8a858eff55a090650155bca5bc8052e0
USER001940,8a858f0656b7820c0156bbfed27f3ba2
USER001941,8a858f0b5b5ddd79015b6151e45702f7
USER001942,8a858f155554552501555e01e57a0269
USER001943,8a858f1e5cef1d91015cf37f17052b7b
USER001944,8a858f295c8d307f015c9b4d5c570061
USER001945,8a858f30551130db01552650061e4aa6
USER001946,8a858f375b493337015b4c804080216e
USER001947,8a858f4655ca643c0155d12f9e3b0e69
USER001948,8a858f535d325481015d33eac1d95f6e
USER001949,8a858f5e5992fa95015993bf8b2f5694
USER001950,8a858f625b43c0a1015b43eff5df430b
USER001951,8a858f675c1c43bc015c1c63d07b0af4
USER001952,8a858f7b5ca7abe3015ca80dffa2183e
USER001953,8a858f7e5c69a6e3015c7511442d2420
USER001954,8a858f8a558227f201558b6beb697cd8
USER001955,8a858f965c6950da015c78a9a70335f9
USER001956,8a858f9d5a8a79c5015a8b3826dd595e
USER001957,8a858fa25bd92c20015be332daa35ecf
USER001958,8a858fa55b623a05015b623bb10001c6
USER001959,8a858faf5679a838015682738f813968
USER001960,8a858fb65b2020b2015b2024d70705d6
USER001961,8a858fc15b68ba6a015b7fa8a4f61664
USER001962,8a858fcf5b39c3ba015b3baf14b64c62
USER001963,8a858fd35b3ec939015b3ee758bd2cca
USER001964,8a858fd95c3b5bca015c405b7f697168
USER001965,8a858fe45cd62cbf015cda05b84a7a6e
USER001966,8a858fe854ccb9610154cda3930e3ed2
USER001967,8a858f375b493337015b4b25205578c3
USER001968,8a858f3d5d18c7d7015d1991deb638b7
USER001969,8a858f495beda5ee015bedc9ee591a30
USER001970,8a858f54592214a001593aa497b31207
USER001971,8a858f61560bc0e501561ce4bc1a17ee
USER001972,8a858f6c5bf84cd0015bf87db8561411
USER001973,8a858f7a58c218eb0158c43474d013a5
USER001974,8a858f7d5cf9aef9015cfee1f3b171fd
USER001975,8a858f8d56e0c3a70157041167c02cf1
USER001976,8a858f92582fcca1015830e86df9601c
USER001977,8a858f995c5fa060015c5faa880403a0
USER001978,8a858f9d5bd44001015bd4808a431ecf
USER001979,8a858fa25bd92c20015be258fc2f3a87
USER001980,8a858fa459eecb2a0159eecbae2d0051
USER001981,8a858fa95c695f85015c6dde5682348a
USER001982,8a858fb45bb59c21015bba2f3ffe197d
USER001983,8a858fbd5cd6054a015ce9193fac3819
USER001984,8a858fcb5d605acc015d6081f2731909
USER001985,8a858fd25c5a5bc7015c5a8126b60e47
USER001986,8a858fde570a23dc01570a4cf5e81905
USER001987,8a858fe8555f401f0155736da4b20e0a
USER001988,8a858ff25a617906015a6644377f536f
USER001989,8a858ff9580b881201581a57953908dc
USER001990,8a8589a7545186b1015468c4ca294b60
USER001991,8a858e435bedeb4f015bee72a6153764
USER001992,8a858e69566ae5b801567d7f1d677c71
USER001993,8a858edf580afd5e01580b8217652c4b
USER001994,8a858f475c7ea023015c7ece3e4a0a8a
USER001995,8a858f7e5ba0189c015ba04e54321850
USER001996,8a858fca5c830943015c8374df2b4096
USER001997,8a8189a552638e13015264cf62312966
USER001998,8a85886e54101890015410e563b4325b
USER001999,8a8588bd5369b66d01536e7b60501609
USER002000,8a85893d53f104eb0153f65ccad80981
USER002001,8a85896653e2e18b0153e56f2a852da4
USER002002,8a8589b953bc23f70153c887b4b45c9a
USER002003,8a8589f853f100fb01541386c815605e
USER002004,8a858e0256b781d80156dfc0073a1c17
USER002005,8a858e085cc5b826015cc60650982c6c
USER002006,8a858e135cb22031015cbc509ff86d8f
USER002007,8a858e235be813f6015be907ce7f4a8a
USER002008,8a858e335d1dd902015d2c236db91aa3
USER002009,8a858e3c585373380158541ec9ea2d9c
USER002010,8a858e535bab293b015baedbcabf1287
USER002011,8a858e5d5c7e25b4015c7fea66825cfe
USER002012,8a858e675c3fe0a1015c565aeb305fe0
USER002013,8a858e6f5668e01701567005bb5972cf
USER002014,8a858e705cb15527015cbfa764de55ec
USER002015,8a858e865b48f46f015b494c22be4663
USER002016,8a858e8e58f6d66f0158fd7ee9af731f
USER002017,8a858e935b57cc6a015b57df293c092c
USER002018,8a858e985ccb51e8015ccba1306828ff
USER002019,8a858eb25b5d2e82015b5d51be422bfa
USER002020,8a858eba5b681df4015b7ff8ae967c76
USER002021,8a858ec3582a54e201582e07faf51f0d
USER002022,8a858ec95afc0922015afc24b669093f
USER002023,8a858eda5c8863ff015c8b96e5fd74d0
USER002024,8a858edf594a45ed01597ad745966db1
USER002025,8a858f13556665aa01556806aeb3036e
USER002026,8a858f225bfdb280015c108bf6f53281
USER002027,8a858f2b5c7df62c015c7e2dc5641eb2
USER002028,8a858f2f54e28d530155075d38ad2d84
USER002029,8a858f365668e43901566e36f0ed06d3
USER002030,8a858f405d13c45f015d13dd93ec0c1c
USER002031,8a858f4e5ca72981015ca8ad2f9e5e4e
USER002032,8a858f555cacacdf015caff7ce8b005a
USER002033,8a858f585bfd6341015c00857bc907b6
USER002034,8a858f60560bc43d01560f01835b4a41
USER002035,8a858f665c45930d015c50e26935397d
USER002036,8a858f725b49c0c0015b52a5f20b0ecd
USER002037,8a858f7b5ca7abe3015cab60bf2e71fb
USER002038,8a858f865ceebc32015ceec592880a08
USER002039,8a858f905c06a9c0015c0c987a4b6bf0
USER002040,8a858f985bee01cb015bef3b586d68db
USER002041,8a858f9f5bd99987015be272e251115c
USER002042,8a858fa95b631878015b66433dee52c9
USER002043,8a858faf5679a83801568bbe45ff3d3d
USER002044,8a858fb25d84a543015d883e60493b62
USER002045,8a858fb95bd896cc015bd8a3d0c907df
USER002046,8a858fc25bafabdc015bafed7f6021fa
USER002047,8a858fc95ce99dd6015ced741b3773dd
USER002048,8a858fcf5b39c3ba015b3c96e4a8646b
USER002049,8a858fd35bed00ef015bed49a2552f67
USER002050,8a858fd85b685607015b6c5a9fd11890
USER002051,8a858fe45a760203015a7f3dd68d6282
USER002052,8a858fec5bd3dede015bd4099d5f1c53
USER002053,8a858fef570f30e501572ab53a6f4acb
USER002054,8a858ff455a09f5a0155b73fe8244da7
USER002055,8a858ffc5b1f07ee015b1f4c95a13b04
USER002056,8a8588fd53f1099e01540ec7527b308c
USER002057,8a858e2c5aa96d03015aad08250b34f7
USER002058,8a858e6359a764180159a89577a06015
USER002059,8a858e8e58f6d66f015904a859fd5589
USER002060,8a858ed55c63db54015c705c10a864c9
USER002061,8a858f0e5a6171ba015a66d7eaf72453
USER002062,8a858f78550ba104015511a5d2a42485
USER002063,8a858fb85c3b2e0c015c3f2187793fea
USER002064,8a2ac4745091002b0150a144bcbe58b7
USER002065,8a85882c546ba83501547619cd377b69
USER002066,8a858900536a043401537e4c0ac5452a
USER002067,8a85893d53e2e2f30153efcc6da71f5f
USER002068,8a8589b0541e21e401542898549a1435
USER002069,8a858e0156b782a10156beec8fb25d41
USER002070,8a858e095aae82b7015aaf6ce0c80432
USER002071,8a858e0e5b80bb4c015b81746a0f5481
USER002072,8a858e145bf81459015bfc2992285a80
USER002073,8a858e205c21d53a015c24dbb996327e
USER002074,8a858e255557edfe01555f78e7df06dd
USER002075,8a858e315cf48957015cf7f6197920b0
USER002076,8a858e485cc0eed3015cc51b36f261d2
USER002077,8a858e4e5c3502ab015c35362d7c1016
USER002078,8a858e5b5c1a43c1015c1a8921c11694
USER002079,8a858e645654fdc401565acc196e2946
USER002080,8a858e69566ae5b801568cbd583768bb
USER002081,8a858e6f5668e01701567479d1ae3320
USER002082,8a858eac5c451942015c53be63956f40
USER002083,8a858f1955b1c4df0155cfad79641b0a
USER002084,8a858f4b55df0f530155ef9862fb1b92
USER002085,8a858f855cf94f71015cf952231e0283
USER002086,8a858fef570f30e5015720679ff55c37
USER002087,8a85886e5410189001541480d8f83683
USER002088,8a8588fd53e2e6cf0153ec45be7c1613
USER002089,8a85893d542e18bc015438b652f841c3
USER002090,8a85898a53bc15600153c76831594bcc
USER002091,8a8589b953bc23f70153c12ae7c852a9
USER002092,8a858e0256b781d80156bd70d9d21225
USER002093,8a858e085ca0b5e8015ca0bacc7e0208
USER002094,8a858e0d5aa8e240015aa8fb5bc5165f
USER002095,8a858e185b4923b4015b546070020159
USER002096,8a858e1d5b2510b2015b2c76fe45726a
USER002097,8a858e245b680423015b70f89d870827
USER002098,8a858e2e5bb57a37015bc30f34e02cf7
USER002099,8a858e395cb1d4d9015cc0f4883c172c
USER002100,8a858e495cef1ef1015cf07cc48170e6
USER002101,8a858e595b42b641015b42bed45707ec
USER002102,8a858e675b00c831015b04414db70f3f
USER002103,8a858e695d1e075c015d1edb95892ad0
USER002104,8a858e71570f2c6b01571b8a24c8492f
USER002105,8a858e7d5b8b0b92015b8b1efc3b15ee
USER002106,8a858e885c9c6f96015ca0d192e11f85
USER002107,8a858e905d41e83b015d4657f3cd0dbc
USER002108,8a858e9e579558b6015795d6a68f473c
USER002109,8a858ea75cef5535015cefde9da1490e
USER002110,8a858eae5c356262015c35894b181c1b
USER002111,8a858eb95591bf00015596ab2eb11f5e
USER002112,8a858ec65cc6352b015ccb2155a51d35
USER002113,8a858ed359fe43b10159fe9d723f243d
USER002114,8a858edd5c35be80015c39a17bd01f8a
USER002115,8a858ee25b34d796015b38a410286d92
USER002116,8a858ee755a0c84a0155a8265e0e2b10
USER002117,8a858ef258d4a48b0158d59498152dd8
USER002118,8a858f01588603fa01588cac8678799a
USER002119,8a858f1955b1c4df0155bfb72f593c8d
USER002120,8a858f295c829b43015c82d057832585
USER002121,8a858f2f54e28d530155057d6c2129e1
USER002122,8a858f335cd0c78e015cd3f1dc417e7a
USER002123,8a858f3e5885ffa301588ee171d761d8
USER002124,8a858f465668e3d601567b8eb1df4da6
USER002125,8a858f4f5511dca201551d3b601d7be8
USER002126,8a858f5659cb44e30159cc84750858ab
USER002127,8a858f5e5bedf32a015bee35cb9622df
USER002128,8a858f695b5cbd3a015b5cd5ff29188a
USER002129,8a858f745b4891fd015b48b63bcd3269
USER002130,8a858f8b5b630942015b631a8db21732
USER002131,8a858f955cc6631f015cc9eb86fe4679
USER002132,8a858f9c56aaf37d0156b2634ad322c5
USER002133,8a858fa057e2a0a50157ec721ce6096c
USER002134,8a858fa358f8275101590297dbea5636
USER002135,8a858fad5bf85d5e015bfbf379a84604
USER002136,8a858fb557330de10157394d041943fb
USER002137,8a858fbd59978ae4015998515de038de
USER002138,8a858fc55bf27347015bf2a538491b80
USER002139,8a858fd05cc58b2e015cc59e44600b9a
USER002140,8a858fd85507735701551173e8c225b2
USER002141,8a858e8457f7a42a0157fae7238c3d4c
USER002142,8a858e885c87dee5015c884e7dc03958
USER002143,8a858e945bee08de015bf07771ce6245
USER002144,8a858e985b1de32c015b1e5ea0ae3435
USER002145,8a858ea25bf369e4015bf67bb90f02aa
USER002146,8a858eb858b1a6d20158bd0786483394
USER002147,8a858ec25a422913015a426c5d902a9c
USER002148,8a858ec9590ad35d01594951f86d3fd1
USER002149,8a858ece5b0142e3015b067c026713e3
USER002150,8a858ed55c63db54015c641298671ada
USER002151,8a858edb5bd936e4015bddece62633a1
USER002152,8a858ee45b39aa80015b3b3933c2121e
USER002153,8a858ee758b4c54a0158d307cc1d21ef
USER002154,8a858ef4598857710159898caf3b44f8
USER002155,8a858eff5b393484015b394ef3281e60
USER002156,8a858f045bab240c015bafd0d39709a7
USER002157,8a858f085bcf44be015bd30eaa241e6e
USER002158,8a858f11594a3880015950e1221977d6
USER002159,8a858f185c884965015c88a2cf95321c
USER002160,8a858f225bfdb280015bfdf8f4f91911
USER002161,8a858f265c2187bd015c3123033b481a
USER002162,8a858f295c8d307f015c90c20c5258ee
USER002163,8a858f2e5cd09481015cd3ac00ff7cdc
USER002164,8a858f365c83961c015c87a053cb5b39
USER002165,8a858f475bceed0d015bd029e52a6ff6
USER002166,8a858f4e5ca72981015cabddf9582fc7
USER002167,8a858f57599e93060159a31ec1f63871
USER002168,8a858f665d5b785d015d5f33bf515574
USER002169,8a858f6f5b3f095b015b42c2106b08a5
USER002170,8a858f885aeb097f015aeb7643ca53f3
USER002171,8a858f965c6950da015c7b2cefaf445f
USER002172,8a858f9a56435559015648a1594a0008
USER002173,8a858fa057e2a0a50157e7650d8903fb
USER002174,8a858fa5552add5d015549642f1b4d49
USER002175,8a858fab5a83f26a015a847501d65abb
USER002176,8a858fb35a6b3924015a6b8d201e3239
USER002177,8a858fbd59b080790159b0afab650fed
USER002178,8a858fc45c5f93be015c5fd6a7c91478
USER002179,8a858fca5c830943015c86ee73095c82
USER002180,8a858fce5bf8129c015bf8c5b6694438
USER002181,8a858fd45a4260bc015a461db91a3615
USER002182,8a858fd95c3b5bca015c3bd6c30d2102
USER002183,8a858fde580afd48015818eda53830c8
USER002184,8a858fed5a27f0a4015a2815a51516ae
USER002185,8a858ffa55ca72a50155d192af9e2c0b
USER002186,8a8588f853b1b2d40153b2bb48d41263
USER002187,8a858e445ca25ee3015ca6e3d4531f02
USER002188,8a858ec05ab27176015ab2befe283801
USER002189,8a858f0f5bfd79d2015c0d8fe4de6296
USER002190,8a858f7057b918e40157d465d8725583
USER002191,8a858fab5cd5e1a7015ce4f4759405e8
USER002192,8a858ff35af1c396015af1fc915018ca
USER002193,8a85882653e2eb990153f0f8a8520c4b
USER002194,8a8588ae53f1cb7c015414160f0175bc
USER002195,8a8588f853b1b2d40153b54512b22405
USER002196,8a858953548fb0c0015497256a1f4a6d
USER002197,8a8589b953d0be470153e043e57e2d79
USER002198,8a858e0156b782a10156bbef39622867
USER002199,8a858fe25b8c4e5c015b8ca60f8a23f6
USER002200,8a858feb5bfcf5e3015bfd3379fc27e0
USER002201,8a858ff455a09f5a0155aaa450751528
USER002202,8a858ffd5c8d343d015c9ba2141c1da9
USER002203,8a858e2d5bb55d46015bc61fa9492de0
USER002204,8a858e6d58b0cc520158b12136e119c8
USER002205,8a858edb5bd936e4015be280d1ce22c4
USER002206,8a858f0c57d3fe8e0157dcd14f854fb7
USER002207,8a858f3455a0d8070155c5d69e9600d4
USER002208,8a858f745b86e128015b86f743340dc3
USER002209,8a858fca5c35df2c015c3841f389641e
USER002210,8a8588235384a58d01538abf515f2c2b
USER002211,8a8588d653a915270153aa2496f328dc
USER002212,8a8588fd53c244bc0153c7b3845e0983
USER002213,8a85892854a059ed0154a763515d5c43
USER002214,8a8589a453bc422d0153c7d352751565
USER002215,8a8589f853f100fb01541090709d2184
USER002216,8a858e045cd5b1d6015cd5e4a7971699
USER002217,8a858e135c7e2eec015c81cb9dc02458
USER002218,8a858e1d5cd58f9e015ce610e19f13f4
USER002219,8a858e245c214660015c31e74aff1f94
USER002220,8a858e345bd96da8015be7a730560324
USER002221,8a858e3c5cac9fcc015cacdb715d1597
USER002222,8a858e4357be1daf0157c96f4c915ef0
USER002223,8a858e4b5cb1e4d7015cc28ac0be5d73
USER002224,8a858e5856b7840c0156bb256d6e0e6a
USER002225,8a858e6059e0a7080159ecaeb62460bb
USER002226,8a858e655cd0642d015cd1acd55855cb
USER002227,8a858e6c5c88d145015c8c304fd31930
USER002228,8a858e6f5cd5e874015cd6f5634c39ad
USER002229,8a858e785a53f8a6015a5acbb0c81532
USER002230,8a858e875c63d395015c72552f637255
USER002231,8a858e8c5d37e319015d3a77a3b6530e
USER002232,8a858e945631db2f01563c3b2f24285c
USER002233,8a858ea4582fcdc80158436e031007b4
USER002234,8a858eb35c5f4a42015c6371c0486a4d
USER002235,8a858eba5c884d2a015c96f9eed0608d
USER002236,8a858ec655f96b320156047265df266d
USER002237,8a858ed35aec4221015aef98c80b776d
USER002238,8a858edb5a70bfe0015a74c641dc0122
USER002239,8a858ee05a6b7d75015a6eda09eb0502
USER002240,8a858ee75afc09f4015aff3cdad86a6f
USER002241,8a858ef255c55fd60155c738de611535
USER002242,8a858f0455d9feaf0155f787fdf02e2c
USER002243,8a858f085a477386015a4a4e163019b5
USER002244,8a858f0c5cc68025015cc78ad9fb348a
USER002245,8a858f1a5b66e6d6015b670a7f721f33
USER002246,8a858f255cb1710a015cc4e5d1cf69b5
USER002247,8a858f3355ae6a610155b576b37d7dbb
USER002248,8a858f3d5add42e2015ae06ea7645399
USER002249,8a858f415ba54724015ba9b1afa11ea1
USER002250,8a858f4c5bd8c7b2015bd902087b273c
USER002251,8a858f565b683b56015b70b951992639
USER002252,8a858f61560bc0e501561be28ee203dc
USER002253,8a858f6d59d116420159d25fddf45982
USER002254,8a858f78550ba10401551c0bf2121570
USER002255,8a858f8d56e0c3a70156fc952cf77e8c
USER002256,8a858ff15b8b0352015b8b110e0013a0
USER002257,8a858ffa55ca72a50155ccf1d5e068d4
USER002258,8a8589af547ff51b015485b51dfa66b3
USER002259,8a858e4f5929c3df01592ae551cb10f2
USER002260,8a858e7c587f3319015882b4fa1a157a
USER002261,8a858edf5c69a538015c77f4b872748b
USER002262,8a858f525ba5119c015ba537934b100e
USER002263,8a858f9d5668e3f1015674a656b3274b
USER002264,8a858fe756939bbb0156b45c746f61c2
USER002265,8a85882653bc51f50153cb3de65e73d0
USER002266,8a8588ae53f1cb7c01540e8cf9f66b81
USER002267,8a8588f754a058cb0154b12e44351523
USER002268,8a85893d53e284930153e2a00c3303a4
USER002269,8a858966538deb190153a7e5cb937e06
USER002270,8a85898a53bc15600153cac0a9e906a3
USER002271,8a8589f853f100fb01540b7bf8102d1f
USER002272,8a858e0458d4ac3d0158e7fee4351588
USER002273,8a858e0d59b23c720159b3a2d9a054bb
USER002274,8a858e1d5cd58f9e015cd91cdee408ca
USER002275,8a858e235bd971a4015be80845bb2119
USER002276,8a858e355908083001591d1c3e4b02db
USER002277,8a858e495bf8527e015bfc8aea892236
USER002278,8a858e5357d823010157d845e8f71dcd
USER002279,8a858e5e57adcb8e0157ae03888418ff
USER002280,8a858e645755e622015763380e322ea2
USER002281,8a858e685c217d36015c2f09b15a15e9
USER002282,8a858e6f5668e01701568f255f051ac4
USER002283,8a858e7855113fb701551a79202d4dff
USER002284,8a858e885c63d379015c73e47f8c08d7
USER002285,8a858e905ce98e8d015cee25944e2724
USER002286,8a858e985ccb51e8015ccbeabb873fae
USER002287,8a858ea35d0e2226015d0e4cd68f1947
USER002288,8a858ea9587a961d015885a62b275a8f
USER002289,8a858eb858b1a6d20158b9593d3f20db
USER002290,8a858ec358dc5c130158e86849701295
USER002291,8a858ec75bfd77c4015c01a6e2e1199b
USER002292,8a858ee0560bc07701560e3c10544572
USER002293,8a858ee65be8d42d015be90352a8166d
USER002294,8a858eee5872716901587644c4391794
USER002295,8a858ef55a46c7c8015a471ac5753f02
USER002296,8a858f01588603fa0158872e60af68d0
USER002297,8a858f085a477386015a488df8db7111
USER002298,8a858f1554da2c400154dd8939c56b1f
USER002299,8a858f1b5b256bc9015b2f810016616c
USER002300,8a858f2656e154de0156e4eb81786821
USER002301,8a858f295c8d307f015c93a9ccda7eb7
USER002302,8a858f2c5ca72bae015caa81ef264a58
USER002303,8a858f335c8d9723015c9706f48f4116
USER002304,8a858f385b34d285015b351d132b3ae8
USER002305,8a858f4156939c3c0156b3061f4d69cf
USER002306,8a858f4b55df0f530155ee9754535666
USER002307,8a858f555cacacdf015cb06242e03e45
USER002308,8a858f595ccb6f86015cce03949b43a9
USER002309,8a858f5e5cb23c77015cb25bd0a3073c
USER002310,8a858f61560bc0e501561e222be3280d
USER002311,8a858f6c5bf84cd0015bf8b8239327b2
USER002312,8a858f73594ab1ea01595e72de584bca
USER002313,8a858f7e5ba0189c015ba4b79b8c2d5b
USER002314,8a858ee25ca1a0f9015ca1c488821488
USER002315,8a858ee755a0c84a0155b7028fea49b6
USER002316,8a858eef5554890501556dcff6f9065f
USER002317,8a858ef45cd09b8c015cd4d82f22728d
USER002318,8a858efd5ca70688015caae5f9275628
USER002319,8a858f03582a54c3015830069801577c
USER002320,8a858f085b494826015b54791d4f0126
USER002321,8a858f1554e294490154f2d722955866
USER002322,8a858f1b5b256bc9015b2f5280ff57dd
USER002323,8a858f275591bf5d01559733c8767113
USER002324,8a858f2b5c11cabe015c136a30940ae3
USER002325,8a858f2d5bfcf426015bfd6c3039495d
USER002326,8a858f335c8d9723015c93e33d5e77fe
USER002327,8a858f375cef1cbc015cef217cd302fe
USER002328,8a858f415ba54724015baa6a28020272
USER002329,8a858f54592214a0015922c0bfa71bd8
USER002330,8a858f565b683b56015b800206d93f22
USER002331,8a858f5e5566567d01557540adc15a20
USER002332,8a858f6c570f2d66015715196add220a
USER002333,8a858f725be8d4ff015be90aaf642009
USER002334,8a858f7c59ab662b0159abe159a14a59
USER002335,8a858f885adcf4e8015ae2cbe4556d70
USER002336,8a858f915a3bd604015a3c5c4c124545
USER002337,8a858f9a5b33cc48015b3405c30f3d7b
USER002338,8a858fa05b62bcf3015b62c49d9b067c
USER002339,8a858fa45bd95e9a015bdd6141823e52
USER002340,8a858fb0582a54ba01582d4dfcd567ee
USER002341,8a858fba5cd5feee015cd9f99f38135a
USER002342,8a858fc05bf7e886015bf849089f3f7c
USER002343,8a858fcb5b00cc54015b0c32ba401c99
USER002344,8a858fd3552c756201554516fae7359e
USER002345,8a858fe8586deed301586f1b2e7d41f2
USER002346,8a858ff25c88461c015c885b45fb0b28
USER002347,8a858ffa5adb9abd015adbe07c2c2e52
USER002348,8a858e0f5c45466f015c55c7e09d5e9c
USER002349,8a858e6f5668e017015684c4a4305d0a
USER002350,8a858ee755a0c84a0155bf1b6a02583e
USER002351,8a858f225bfdb280015c0742b3c63016
USER002352,8a858f68588604400158968766d72335
USER002353,8a858fcf558237b40155865605853ffb
USER002354,8a8588235384a58d01538faa46246121
USER002355,8a85888c54a05b820154aa79afb15290
USER002356,8a8588fd53c244bc0153c9c031e76307
USER002357,8a85895054a061920154a97b3a201bf9
USER002358,8a8589a453bc422d0153c78133226c26
USER002359,8a8589c1545181f301546606804130a2
USER002360,8a858e035693e02901569484c15f3bf1
USER002361,8a858e135cb22031015cb663b7c54fa9
USER002362,8a858e1d5cd58f9e015cdfe7c50d380b
USER002363,8a858e325ac154c1015ac67cfc136cf3
USER002364,8a858e3c5853733801586a30c5c04575
USER002365,8a858e495bf8527e015bf9ec3e176b75
USER002366,8a858e585693982b0156adecb6c42cdb
USER002367,8a858e655a047d1a015a142bd3e7145f
USER002368,8a858e6a5bfd4b54015c02171e1660b1
USER002369,8a858e6c5c88d145015c9624de8056f3
USER002370,8a858e705668e16701568e128474421a
USER002371,8a858e785c8d9167015c92299ef81a09
USER002372,8a858f8a5a424041015a4673217f2c18
USER002373,8a858f975c4582c4015c4e2ba05c62b5
USER002374,8a858f9f5bd99987015bdc921fb36531
USER002375,8a858fa154e2912f01550b96c0520352
USER002376,8a858fa45bd95e9a015bdd6768893f4d
USER002377,8a858fb65a4bf70d015a4c41e5112d73
USER002378,8a858fc15cd06c32015cd429b6951f35
USER002379,8a858fd3552c7562015562a28e7672a4
USER002380,8a858fd85507735701550d82f1b723ff
USER002381,8a858fe05d421ff4015d4c87d2a21ceb
USER002382,8a858fea5b8c314d015b8f3fa4a93a11
USER002383,8a858ff45be92ea2015be9cb6e5b3a89
USER002384,8a81890b51d31db90151d5fd989c1dbd
USER002385,8a858e245c214660015c301d19ab184f
USER002386,8a858eb858b1a6d20158b90ccf8a1298
USER002387,8a858eef5554890501556a2471a71e26
USER002388,8a858f685aae9a21015aafc38f817511
USER002389,8a858fa3586d20e001586d8ef15428c1
USER002390,8a858ff5562dc3b601562fffe43c14bc
USER002391,8a85881053bc33670153c7a4d2685aa0
USER002392,8a858899538ddb8e0153a780c56e34bb
USER002393,8a8588fd53c244bc0153c7b2842d093b
USER002394,8a85895054a061920154a9c8935d351f
USER002395,8a8589a053acc39e0153aff9bbd7238a
USER002396,8a8589b953d0be470153d20503ec69ee
USER002397,8a858e045b495c30015b54075ab043e5
USER002398,8a858e125acd7563015ad16a8f964ab1
USER002399,8a858e185b4923b4015b50807fef1ab5
USER002400,8a858e1e54e2aa5a0154e2e87bf317e5
USER002401,8a858e245c214660015c2fec6a70058e
USER002402,8a858e345be813ea015becdece40410d
USER002403,8a858e3c5cac9fcc015cacb7b97a0977
USER002404,8a858e4456ced8470156d1fdea681a74
USER002405,8a858e585693982b01569e0079561fb1
USER002406,8a858e645591c24b01559aebf3576da3
USER002407,8a858e675c3fe0a1015c5315aaae176a
USER002408,8a858e6f5bce1023015bce19dbbf038d
USER002409,8a858e735c5a4bed015c5d0ab47242fb
USER002410,8a858e7e5b159af5015b16e181485f15
USER002411,8a858e885c63d379015c6908c6fa1856
USER002412,8a858e905d41e83b015d487d09274ec7
USER002413,8a858e955cf51403015cf8be51125400
USER002414,8a858e9d5bfd7037015c0baee4de3547
USER002415,8a858ea75b1fd476015b2013ccc13238
USER002416,8a858eb45876dcc5015885b5a2c16618
USER002417,8a858eba5591bf2801559680580a1f9e
USER002418,8a858ec555f96a9a0156020f154c1b12
USER002419,8a858ed4584472cf01584510df1d30d8
USER002420,8a858edb5bd936e4015bddd8e11a30e0
USER002421,8a858ee755a0c84a0155bfe660ea0bcc
USER002422,8a858efe5bca0a81015bcd3ec30c6022
USER002423,8a858f0455d9feaf0155f5a8886a283c
USER002424,8a858f08582a51bc01582e67a7e115a2
USER002425,8a858f1554e29449015500deb58f1653
USER002426,8a858f255cb1710a015cb4d46c3074f7
USER002427,8a858f2c5ca72bae015ca788ffeb3aa3
USER002428,8a858f305c8dd672015c9246679f1d31
USER002429,8a858f365b2547f3015b2fa36f67322c
USER002430,8a858e875b910dfe015b9e85091b69f4
USER002431,8a858e8d56b784480156b9e9f16a0420
USER002432,8a858e955cf51403015cf8234be27d07
USER002433,8a858ea55b817cc8015b81ae858c1f85
USER002434,8a858eb95591bf0001559220e85e1b16
USER002435,8a858ec25a422913015a42b9e0544f59
USER002436,8a858ed25ba09f98015ba1b5e0dc39b0
USER002437,8a858eda5c8863ff015c8d8a12d74ddd
USER002438,8a858edf57f78fed0157fca0738d7cc5
USER002439,8a858ee25b874ecc015b883ecf2f38d8
USER002440,8a858ee65be8d42d015be94985db334b
USER002441,8a858ef7599330e0015993a222542644
USER002442,8a858f0455d9feaf0155de5fb2393a0c
USER002443,8a858f075b58beb8015b58cc08160e4e
USER002444,8a858f185b390ca6015b392e46cd20ee
USER002445,8a858f225bfdb280015c0f84efe85e63
USER002446,8a858f2a5b3f2121015b3f5f26bb38c8
USER002447,8a858f30551130db0155118e48f916fa
USER002448,8a858f345c172fb3015c17dbd31a2d7c
USER002449,8a858f3c5a13bebf015a13ca0dfb0de8
USER002450,8a858f435b6795c5015b67a6af3910e1
USER002451,8a858f5856373f8801564d08bbbf26f4
USER002452,8a858f5f5b39bb0c015b3a38ded96c67
USER002453,8a858f675b8b8df9015b8bb25ccf1d0a
USER002454,8a858f6e5cb16eb9015cc423ee197af6
USER002455,8a858f7958b0a4a80158b4e352b6367b
USER002456,8a858f845d13beed015d167bbf1802b2
USER002457,8a858f98560bbe110156218cd2a94514
USER002458,8a858fa05cf48427015cf4d2ebec2db5
USER002459,8a858faa56dffac60156fe48a78656b9
USER002460,8a858faf56b7821c0156c15de860731e
USER002461,8a858fb75cc4c299015cc53618c94218
USER002462,8a858fbd5cd6054a015cdf37c6fb7a22
USER002463,8a858fcb5ca240f7015ca66d5be72ba4
USER002464,8a858fd85b66d5c1015b66f5ae28185f
USER002465,8a858fe758dc437a0159029c13e9186c
USER002466,8a858ff05b1ac77f015b1ac8027f0073
USER002467,8a858ff55b444a8c015b474b44f9305e
USER002468,8a8588c9548a33b201548b3cdb0f0c53
USER002469,8a858e285b8b2932015b8b490de61bbe
USER002470,8a858e745825a02201582a2ee45b6729
USER002471,8a858f0056b7cf8e0156c16478137a36
USER002472,8a858f725ad6f19e015ad72130921e81
USER002473,8a858fa95c695f85015c7433666039ab
USER002474,8a858fee5863a049015867c0ab2c3bc0
USER002475,8a85884e54be33290154c7d802b73042
USER002476,8a8588dc536a141301536b1506f20efb
USER002477,8a85892854a059ed0154aa9b70bc638d
USER002478,8a858966538deb1901539d3459133c24
USER002479,8a8589b953bc23f70153cb94556a2f7c
USER002480,8a858e0059416900015946224e1779e9
USER002481,8a858e045cd5b1d6015cdf06e4dc7e71
USER002482,8a858e0c552ae0b80155504019352754
USER002483,8a858e135cb22031015cb7c7290c7eef
USER002484,8a858e205c21d53a015c237cb6fd1fe7
USER002485,8a858e245b680423015b70e6d3300586
USER002486,8a858e2e5bb57a37015bc94eaa083a35
USER002487,8a858e0a5668e69c01567fd20d2f6854
USER002488,8a858e0f58afbace0158b64e22de02b4
USER002489,8a858e1c56dfea870156ebe73f462f80
USER002490,8a858e225a1e98ab015a1f5c431d33b4
USER002491,8a858e295b430433015b430c1f9506d6
USER002492,8a858e365c16bcef015c16d0f1a50a32
USER002493,8a858e3d55ca3ef60155cef965907bdc
USER002494,8a858e535bab293b015bb3adfe690ad4
USER002495,8a858e5b5ca767e1015cabb669de1afd
USER002496,8a858e685c174778015c17b6dcd62495
USER002497,8a858e6c5bd3fbff015bd6c602636a07
USER002498,8a858e765507208301552107bcd95612
USER002499,8a858e8457f7a42a0157fff1ed9d0929
USER002500,8a858e8d5c35bc85015c36001c1a1ff2
USER002501,8a858e955cf51403015cf88251eb3019
USER002502,8a858eaa55a0b8ae0155ad2cab5e49cc
USER002503,8a858eaf570f3a0a0157230080664ee0
USER002504,8a858eba5b681df4015b744d11505f26
USER002505,8a858ebc572e1e3a015730850b3c727f
USER002506,8a858ec6560bc09801561c5452dd7610
USER002507,8a858ece5d1e42c3015d2932d79e6781
USER002508,8a858edb5bd936e4015bdf8a95d7656a
USER002509,8a858ede5ca210f0015ca365343066f5
USER002510,8a858ee25ceeabba015ceec74ea50f9a
USER002511,8a858eed5756fb0e01576bf110494f12
USER002512,8a858f035ab947e3015abdb1094c6d45
USER002513,8a858f075b58beb8015b598406815852
USER002514,8a858f0d5a859ac0015a85b7eed311de
USER002515,8a858f155554552501555588ca2b3b40
USER002516,8a858f1b5b256bc9015b2fa302006abc
USER002517,8a858f2a5b3f2121015b4225e2455889
USER002518,8a858f2d5aeb9c48015aebefa3c75288
USER002519,8a858f305cb1ec4e015cbc9a5cf92a88
USER002520,8a858f375b493337015b4960fac31fe7
USER002521,8a858f3d5bfc954e015bfcaf90e1114b
USER002522,8a858f495a70f465015a7a2f376a4a49
USER002523,8a858f505ca7b434015cab44ff13392a
USER002524,8a858f5856373f8801563cd1b3272f9c
USER002525,8a858f615b1ffb14015b2316f57f3839
USER002526,8a858f785cea234f015cea462d980b62
USER002527,8a858f7d5be8748c015be8cf8e2641dc
USER002528,8a858f8c5ca0e7fe015ca0e9889a0146
USER002529,8a858f935ca09667015ca0e50f083552
USER002530,8a858f975c4582c4015c53d3a3a2351c
USER002531,8a858fa05cf48427015cf4b17c751e5f
USER002532,8a858fa45bd95e9a015bde4d41406ebf
USER002533,8a858faf55d95d930155e4afbc7449ae
USER002534,8a858fb4563228d20156332f55df3106
USER002535,8a858fbd5ad1feb0015ad209895209a5
USER002536,8a858fc45c21da6f015c26afed6d0c03
USER002537,8a858fc75b90e6b5015b9b821b06328c
USER002538,8a858fcd5bd42c30015bd4c4a81b4025
USER002539,8a858fd75bb62bbe015bbdabe1721000
USER002540,8a858fdb5d19348a015d1cc7eb0e4d20
USER002541,8a858fe758dc437a0158fd72d384604e
USER002542,8a858ff55b5d377b015b5d42285f0fed
USER002543,8a85896653e196390153e1fc6af61411
USER002544,8a858e225c404292015c583027e72e02
USER002545,8a858f965bb63a25015bbb332f6f7592
USER002546,8a858f995a4762a5015a476f8c700bb8
USER002547,8a858fa25be814a2015be81e409d0a14
USER002548,8a858fa95c695f85015c6ad88de2572d
USER002549,8a858faf5679a838015692cc16b01ce1
USER002550,8a858fb959976ce00159a0c2d6453d0c
USER002551,8a858fc15b68ba6a015b6bb340945999
USER002552,8a858fcb5bab1fda015bae1de6d35266
USER002553,8a858fd05bfd7d3c015c025a5aa05908
USER002554,8a858fd85b685607015b7d3304aa2ff4
USER002555,8a858fe45a8360a7015a837d5be20d9b
USER002556,8a858fec5c169ff0015c16a935bc04b2
USER002557,8a858ff55b444a8c015b47b51e0e78f9
USER002558,8a8588ae53f1cb7c0153ffc5afb330b0
USER002559,8a858e2c5cc64f70015cc83a050e57d2
USER002560,8a858e7d595026f8015959f2dcd67106
USER002561,8a858ec75bfd77c4015bfda261b10b09
USER002562,8a858f085a477386015a47fb049e49ca
USER002563,8a858f3b5c1c5a08015c1d0f431230ad
USER002564,8a858f7d5cf9aef9015cfdca34b13c79
USER002565,8a858faa56dffac60156ecc553892ca9
USER002566,8a858fd75bb62bbe015bc03ff81245f7
USER002567,8a858fff57d1af5d0157dc5a2dfc44bc
USER002568,8a85886e54beabf90154bf4062f42d84
USER002569,8a85891e53ad0e6b0153bdec607d1d0c
USER002570,8a8589a453bc422d0153c3b0afc75159
USER002571,8a8589d7548fb3a8015494fcc5c34ab3
USER002572,8a858e035693e0290156a30b341d7026
USER002573,8a858e105bd92644015bdb6b69395d10
USER002574,8a858e16562dbf18015631258ed16411
USER002575,8a858e245a5c008c015a5c266238148c
USER002576,8a858e2e5bb57a37015bbe3c1af53cac
USER002577,8a858e3957d7ca4e0157dd41757b30dd
USER002578,8a858e455c1bf763015c1e4b3fcd7b98
USER002579,8a858e535bab293b015babc929a521d1
USER002580,8a858e5b5bd99460015bdf2c189d392a
USER002581,8a858e645591c24b0155a059b3f27431
USER002582,8a858e6a5bfd4b54015c0d136472048e
USER002583,8a858e6f5cd5e874015cd6d7e2af36ad
USER002584,8a858e7855113fb7015522e6b858084b
USER002585,8a858e7c5c78b1ff015c796688235b84
USER002586,8a858e875b910dfe015ba4a5adbe3ea5
USER002587,8a858e9059ff9e79015a0246bf7c4f02
USER002588,8a858e935cedfe55015cee71530e4d2c
USER002589,8a858e9b5a69f076015a69fd874304e1
USER002590,8a858ea3556609560155775d89496cd5
USER002591,8a858eac5b3ece95015b3f17c44d57ff
USER002592,8a858eba5b681df4015b6e0c99d3697f
USER002593,8a858ec25a4d1d16015a5004af0d4d20
USER002594,8a858ece5cd05041015cd1aaf05e0329
USER002595,8a858ed759ffb4d1015a02d41aa95acf
USER002596,8a858ee0560bc07701560d3774b0663c
USER002597,8a858ee55cb156e6015cb65fb1926ae0
USER002598,8a858eef55548905015569ca99fe1368
USER002599,8a858f00590ac4e70159170bde1b1880
USER002600,8a858f055c831d5b015c838085fc29f5
USER002601,8a858f0b5c1a493e015c1ab9b7c82a38
USER002602,8a858f185d1daff6015d227c61832b3e
USER002603,8a858e5c5c361f7d015c3970b6676146
USER002604,8a858ed55c63db54015c688ccdec0996
USER002605,8a858f285c7d70a4015c7dd9108348aa
USER002606,8a858f5e5566567d01556f39a8da6f7a
USER002607,8a858fc15b68ba6a015b6b094b622d76
USER002608,8a85880353acff880153b4d9bf104630
USER002609,8a8588dc536a141301537b3f489b0501
USER002610,8a858928548fb121015496238670164a
USER002611,8a8589595384a85301538ab9e183018a
USER002612,8a8589a053acc39e0153b217f3d031cb
USER002613,8a8589b953bc23f70153cf2e6d442c45
USER002614,8a858e0256b781d80156c6df35664c92
USER002615,8a858e0a565e71c40156652b73613d66
USER002616,8a858e0f5c45466f015c5469454d1227
USER002617,8a858e195b90e512015b99fbb1dc677a
USER002618,8a858e205c21d53a015c2b38026238b9
USER002619,8a858e245c214660015c3397e4db389a
USER002620,8a858e345a13cc50015a181a44d8023e
USER002621,8a858e3e5b3ee747015b3f0a08cb34f8
USER002622,8a858e4f58b9f0b40158d31e17fc2a7e
USER002623,8a858e5a5be99e1c015be9e56ea00fde
USER002624,8a858e685acda506015acee39e45493b
USER002625,8a858e6c5c88d145015c92c49dec0023
USER002626,8a858e775c362114015c3b23d88c3266
USER002627,8a858e875b910dfe015b9b598dfc49c5
USER002628,8a858e8d56b784480156c16a09706bd5
USER002629,8a858e935b496584015b53d101793fbe
USER002630,8a858ea35a5b46ec015a5d1596805e48
USER002631,8a858ea75cef5535015cf37324bc186a
USER002632,8a858eb456e0b94901570468c2e92846
USER002633,8a858eb95b8c2f6e015b900548676660
USER002634,8a858ecd5b81e1a6015b823c01ee2725
USER002635,8a858eda552adcc201553deed53a2493
USER002636,8a858ede5ca210f0015ca340de706114
USER002637,8a858ee45a1e6afb015a22a2e525677b
USER002638,8a858ee755a0c84a0155bec1d8244afe
USER002639,8a858ef25c8393f8015c869c9c1265c1
USER002640,8a858f0456511c94015651febebc3c0d
USER002641,8a858f1f5c59cd91015c5b12c9e4715c
USER002642,8a858f295ca6f581015ca77afccb5d6d
USER002643,8a858f305c8dd672015c970cc60d3014
USER002644,8a858f3455a0d8070155a7d4ff5b3345
USER002645,8a858f4156939c3c015693a5a85504cb
USER002646,8a858f475afb66cd015afb7fd2d11ba5
USER002647,8a858f505ca7b434015cab8f6a696786
USER002648,8a858f565c3acb9d015c4455228962ad
USER002649,8a858f6057e2dba50157edb735e75aaf
USER002650,8a858f6a5d1e09b3015d227616690c90
USER002651,8a858f7959db5e8c0159df170d345379
USER002652,8a858f8f5bfd3cfa015c0c27b9167289
USER002653,8a858f965bb63a25015bc2ddf2577416
USER002654,8a858f9d5668e3f101566f169e355a6b
USER002655,8a858fa154e2912f0154e2f6b3da1e13
USER002656,8a858fa459e0a1340159ec74c24a744b
USER002657,8a858faf56939fea0156954f195d4ffb
USER002658,8a858fb65b2020b2015b205fe7a63993
USER002659,8a858fbf5b3a0b46015b3d3cf15c02dc
USER002660,8a858f1e5cc4bc81015cc548e1eb5206
USER002661,8a858f265cfa1a64015d0906c8d50f79
USER002662,8a858f2e5cd09481015cd4e1d27711f2
USER002663,8a858f365b2547f3015b2fab0f4f345b
USER002664,8a858f435aa9712e015aaa0bc4f46db1
USER002665,8a858f4c5bc9eb48015bcb86cee34584
USER002666,8a858f60560bc43d01562157abc56a88
USER002667,8a858f6c570f2d6601571e8ee2d02bde
USER002668,8a858f765c113fe5015c115c296e11f0
USER002669,8a858f8e5b8c34d3015b8e76dac7657b
USER002670,8a858f965c6950da015c7c383abc69c6
USER002671,8a858fa057e2a0a50157f1ffa5f228a0
USER002672,8a858fa25cfa127c015cfa25cc64082f
USER002673,8a858fa95b631878015b6361346f403a
USER002674,8a858fab5cd5e1a7015cdb58471a5314
USER002675,8a858faf5a28ca05015a2bb646ba4e30
USER002676,8a858fbd5cd6054a015ce40a0d000a54
USER002677,8a858fca5c35df2c015c38d68d546e8e
USER002678,8a858fd3552c756201553429f77a7bbd
USER002679,8a858fd55c45ba15015c4b43ba2327ed
USER002680,8a858fda5c3b0f1c015c3f39f2644e74
USER002681,8a858fe8555f401f0155656d56824aff
USER002682,8a858ff35acdd593015ad12db5593535
USER002683,8a858ffb5b350b52015b388c6bbe729a
USER002684,8a858e375b642efc015b660e6d034263
USER002685,8a858e7c5b15cf3b015b16ca44495b40
USER002686,8a858f005a04ae6e015a09ba8f581cce
USER002687,8a858f545c887b44015c8c53080868ac
USER002688,8a858f8d56e0c3a70156e40f165d6f7b
USER002689,8a858fe957a094e00157adc84aec6ec2
USER002690,8a1a1e7e4f707f8b014f797718316cad
USER002691,8a85888c548fb3d50154947fe59c32cf
USER002692,8a8588dd54a3ead30154ada314c44e09
USER002693,8a8588fd53f1099e015400dd349f073e
USER002694,8a858957536752f3015375a5f55e5eaa
USER002695,8a858e035693e0290156a25513ae35a6
USER002696,8a858e0b5cf4883c015cf56488eb4d41
USER002697,8a858e135cb22031015cb7f9700e06f8
USER002698,8a858e215afc0662015affe525c27d00
USER002699,8a858e245c214660015c2a00339953d3
USER002700,8a858e3654e2a8240154e72ee7022fb0
USER002701,8a858e4157e2d76b0157e9326ba54ec9
USER002702,8a858e4b5a94ae68015aa0a805c10a1a
USER002703,8a858e54577679a90157778168922c23
USER002704,8a858e6059e0a7080159eaed2c724220
USER002705,8a858e625c8d993a015ca08967f80999
USER002706,8a858e685c217d36015c223d219926a4
USER002707,8a858e6c5c88d145015c9caa6c0f328c
USER002708,8a858e705668e167015669c8cc67271a
USER002709,8a858e775b10631f015b106dec5e0758
USER002710,8a858e875b910dfe015b9ad5d2a2413d
USER002711,8a858e945631db2f01563585f92111a4
USER002712,8a858ea25bf369e4015bf72bd6e75e12
USER002713,8a858eac59b758220159b7901c69174c
USER002714,8a858eb4588604f701589b8ee6830979
USER002715,8a858ec358dc5c130158f43410ba2b2d
USER002716,8a858ec9590ad35d015923f4677d6f5e
USER002717,8a858ed55844707601584471dfe400a5
USER002718,8a858f4655ca643c0155ca7931a90537
USER002719,8a858f505c7e3a50015c81f70ee35ff5
USER002720,8a858f565b683b56015b6e9302a77dd1
USER002721,8a858f5c5ad7d927015adc131c314be0
USER002722,8a858f605b911d60015b9c7ded557f4b
USER002723,8a858f6b570f2de901570f6e5a85207e
USER002724,8a858f735922163501592c4f0de93a51
USER002725,8a858f7e5c213ef4015c2a793b4e005d
USER002726,8a858f8b57a6f4c20157adda48ff6235
USER002727,8a858f955775750801577ba5e370562e
USER002728,8a858f9a5c885f42015c8c56555f6071
USER002729,8a858fa05cf48427015cf841cd9a7973
USER002730,8a858fad5bf85d5e015bf8a88d381dd3
USER002731,8a858faf56939fea01569d6ff37c3e9d
USER002732,8a858fb4563228d2015646984d1d3f50
USER002733,8a858fbc594a495c0159650b0ede204b
USER002734,8a858fc55b2548dd015b28d40a9876fe
USER002735,8a858fcd56b9f22c0156c18d8e2d280f
USER002736,8a858fd05bfd7d3c015c01cafeeb3cc1
USER002737,8a858fd45a4260bc015a4651a647586f
USER002738,8a858fda56562f8f015658b4c484401f
USER002739,8a858fe756939bbb0156b1970aae339a
USER002740,8a858fee57005c96015703ab6c02708e
USER002741,8a858ff05b1ac77f015b1ada0c9e123b
USER002742,8a858ff55b444a8c015b4755aa3236bf
USER002743,8a858ffd5c8d343d015c9c30ed1b77f5
USER002744,8a858e045cd5b1d6015cdfdd2d7b1310
USER002745,8a858e395cb1d4d9015cbd121e2a20c7
USER002746,8a858e6a5bfd4b54015c05a75bed32ac
USER002747,8a858ea85d0e7ed2015d118961d67285
USER002748,8a858ede5ca210f0015ca65c957e7a59
USER002749,8a858f1f5c59cd91015c5e1125d80a5c
USER002750,8a858f985bee01cb015bf1a2b3cf6c6c
USER002751,8a858fc45c21da6f015c33c76537691b
USER002752,8a6b87fe4d56512d014d57af446e7ad0
USER002753,8a85886e54101890015410e5d5c83298
USER002754,8a85890253e2f1180153e60ece4201a1
USER002755,8a85895354a059690154be274bd235f2
USER002756,8a8589c253ace09b0153bdb04bbc192f
USER002757,8a858e035693e02901569ce8a75e0880
USER002758,8a858e0a5668e69c01567e19e7626d39
USER002759,8a858e105b434e9e015b437dbfab3920
USER002760,8a858e1b59fa11590159fa2239010639
USER002761,8a858e205c21d53a015c30d563282210
USER002762,8a858e255557edfe01556f9c8e4321ad
USER002763,8a858e345a04f20b015a0ee4dd6b1c38
USER002764,8a858e495cef1ef1015cf2969cc12781
USER002765,8a858e5555780ea001557e7212a741c5
USER002766,8a858e5d5c7e25b4015c7e443a870e39
USER002767,8a858e64586254230158688871643bdc
USER002768,8a858e6a5bfd4b54015c067c589f44c6
USER002769,8a858e705668e16701567ab4dc885164
USER002770,8a858e8759d0442e0159d044a463005d
USER002771,8a858e915bcde695015bce219c6a1969
USER002772,8a858e945bee08de015bf11c95f2045f
USER002773,8a858e9b56237632015626314c1a2a42
USER002774,8a858ea555d9e6020155e65fe33d4af4
USER002775,8a858eba5b681df4015b6cadb5ad434e
USER002776,8a858e4357be1daf0157d3f044ce2aaf
USER002777,8a858e495cef1ef1015cf16757660080
USER002778,8a858e585693982b01569f23b93d4f5f
USER002779,8a858e5f59daa31f0159dae64bfb2983
USER002780,8a858e645654fdc40156551f17c80e06
USER002781,8a858e6956939bac01569b259e5c7f89
USER002782,8a858e6f5668e01701568d201f3343ca
USER002783,8a858e725c3ae262015c3b08d771135e
USER002784,8a858e8455f96c1c015603adbb74325e
USER002785,8a858e885c87dee5015c881f237f214b
USER002786,8a858e8e5ca1f1a8015ca24da25735e3
USER002787,8a858e965b5e1b91015b5e9e40562c58
USER002788,8a858ea25bf369e4015bf40f24492e37
USER002789,8a858ebd5b254c8b015b30e464503bb2
USER002790,8a858ecb5bf33c30015bf3579f4e0e5b
USER002791,8a858ed158f3044d0158fe3f0c3a48e7
USER002792,8a858eda552adcc201553022b8a64b1d
USER002793,8a858ee454da1cbd0154dd11d735299f
USER002794,8a858ee9587f44aa0158819464010aa4
USER002795,8a858ef358d4a48e0158ee3dafd51a43
USER002796,8a858f0455d9feaf0155e51729974b16
USER002797,8a858f0c5cef4be2015cf091fdad6659
USER002798,8a858f155cee6b2a015cee768c910880
USER002799,8a858f1e5cef1d91015cf2f349db517a
USER002800,8a858f285d3ca5c4015d3cbb1f94073a
USER002801,8a858f2e5876d7d001587838696001fc
USER002802,8a858f415ba54724015ba9263d3152ec
USER002803,8a858f485a5c6a7a015a5dd3c9464ca9
USER002804,8a858f4f5511dca2015524e4a49e4727
USER002805,8a858f585a6bfa1d015a700d765807a6
USER002806,8a858f5e5cb23c77015cbe8aa980248c
USER002807,8a858f615b1ffb14015b21d3541d018b
USER002808,8a858f6a5d1e09b3015d2748857c7088
USER002809,8a858f725be8d4ff015bec5207ce5524
USER002810,8a858f7d5cf9aef9015d0bcf7158560d
USER002811,8a858f935760a61801576b84163733d3
USER002812,8a858f9c56aaf37d0156b33ea59903c9
USER002813,8a858fa154daefc00154e1dc8abf56db
USER002814,8a858fa3586d20e001586e10a33b6821
USER002815,8a858faa56dffac60156eed794613f9e
USER002816,8a858fb4563228d201564fd7519f22a8
USER002817,8a858fbc5cc666c8015cc9d4702c2b75
USER002818,8a858fc45c21da6f015c24e1eefc34ac
USER002819,8a858fcc5cf4a563015cf83ebae84fe3
USER002820,8a858fd35b5dfefb015b5e3c893626a2
USER002821,8a858fd95b58cd70015b58e4ae861097
USER002822,8a858fde56eb02280156f97f777e7683
USER002823,8a858fe8586deed301586e1e5c961003
USER002824,8a858ff05b909c1a015b90b058cb0df4
USER002825,8a858ffd5c8d343d015c97e4929d0f31
USER002826,8a858e0a5b192e2e015b1948fba112cf
USER002827,8a858e5b5d37b45d015d3bc259e55449
USER002828,8a858eaa55a0b8ae0155a3c170210462
USER002829,8a858eed5a476a3c015a4b0017914175
USER002830,8a858f295c8d307f015c90210a6848dc
USER002831,8a858f61560bc0e5015612044d501fe2
USER002832,8a858faf5679a83801567a8ad05d675f
USER002833,8a858ec45577f83e0155825234ae7d29
USER002834,8a858ec95afc0922015b09a286634c26
USER002835,8a858ece5cd05041015cd485113f01a2
USER002836,8a858ed55c63db54015c6d8c404b1af1
USER002837,8a858edc5c7e7da5015c8166e88960b4
USER002838,8a858ee55cb156e6015cb63f19146515
USER002839,8a858eec5ca21dcb015ca463b66a6f36
USER002840,8a858ef957365d52015751a2082e3103
USER002841,8a858f005d1d8608015d1dd8e0a0320c
USER002842,8a858f055b15b8d3015b16aac9694e88
USER002843,8a858f0b5b439ebb015b43cf463d3e39
USER002844,8a858f13556665aa015568a887180914
USER002845,8a858f1a5ccb60ae015cccf036d254b1
USER002846,8a858f255ca276c5015ca313a0062913
USER002847,8a858f265cfa1a64015cfd2e33a75f92
USER002848,8a858f2c585375f00158688cf76b3db7
USER002849,8a858f30551130db01552671554c51bc
USER002850,8a858f3a5c10828d015c109746d20aee
USER002851,8a858f4b55df0f530155e2e659f30f25
USER002852,8a858f4f5511dca201552520822d5721
USER002853,8a858f5f55f9698c0156076313646281
USER002854,8a858f695c34f22e015c35699d3731ae
USER002855,8a858f725b49c0c0015b525cb85f0552
USER002856,8a858f8c5ca0e7fe015ca1217e0c1bcd
USER002857,8a858f975c4582c4015c4a3c945e2599
USER002858,8a858f9d5668e3f1015669939de927dd
USER002859,8a858fa154e2912f0154ee239b0857f0
USER002860,8a858fa85bd87d41015bd887ed650718
USER002861,8a858fab5cd5e1a7015cd8d0bbc25cf2
USER002862,8a858fb557330de10157375c12ec1bff
USER002863,8a858fbd5cd6054a015cd7dd84da3b90
USER002864,8a858fc55b2548dd015b2e9cd6857beb
USER002865,8a858fcb5d0ed176015d0ed6ebae01b8
USER002866,8a858fcf5591c5cf0155a14b0343250a
USER002867,8a858fd55c45ba15015c46be3e0d33f3
USER002868,8a858fda59db0b130159db44c2b93226
USER002869,8a858fe45cd62cbf015cd9dffd3b70ac
USER002870,8a858ff15a8fa5b0015a9324780b35fd
USER002871,8a858ffd5caca417015cad3c3d7547e2
USER002872,8a858e115af6c526015af8adf8fa3495
USER002873,8a858e645654fdc401565f15ee130fde
USER002874,8a858ed45bc9a645015bcb3187b8543c
USER002875,8a858f3e58b4ff1a0158bff6b8c5080a
USER002876,8a858f7e5c213ef4015c2520556801c1
USER002877,8a858faf5a28ca05015a31ca3ff82f16
USER002878,8a858ff8582fcb86015843ff484e3a1a
USER002879,8a85886f543912e301544f65621c2e9f
USER002880,8a8588dc536a141301538365df9251b8
USER002881,8a8588fd53c244bc0153c2de00633728
USER002882,8a85896653e2e18b0153effd7a871a0e
USER002883,8a8589d754be350e0154c873af647457
USER002884,8a858e025ab3a6c2015ab74cfa5c4431
USER002885,8a858e0b5cfa2028015d034211a96a52
USER002886,8a858e135c78e673015c79070e9a0d98
USER002887,8a858e1d5cd58f9e015cd912f8830794
USER002888,8a858e235bd971a4015bd9797df9031a
USER002889,8a858e2d597cf6250159829e6e483c19
USER002890,8a858ff25b8b1ddb015b8b2f92ff0c68
USER002891,8a85881053bc33670153c0ff6d6a38b9
USER002892,8a85886f54517ee0015462760ec345fc
USER002893,8a8588f853b1b2d40153b20c9e9a0666
USER002894,8a8589045384bd8301539b3e362a79e8
USER002895,8a8589595384a853015395639a276821
USER002896,8a8589a453bc422d0153c87530bf4e94
USER002897,8a8589d754a05c0a0154a91416107984
USER002898,8a858e035693e02901569d043ad712d8
USER002899,8a858e0b5cfa2028015cfd224a806b9a
USER002900,8a858e105bd92644015bd9db3a0f3be2
USER002901,8a858e17562dc227015630cfffe743b5
USER002902,8a858e225c404292015c4e2b42c67bbe
USER002903,8a858e2b5853023201585e93b6372b51
USER002904,8a858e35589c0ac00158afe810434232
USER002905,8a858e3a54e33702015525824932748f
USER002906,8a858e475c1c2ea7015c20659af8484a
USER002907,8a858e4f58b9f0b40158c11270fc019f
USER002908,8a858e585beda464015bede9cc1023b2
USER002909,8a858e615c832be8015c861ad8156b95
USER002910,8a858e69566ae5b8015674eb114d02a7
USER002911,8a858e6c5c88d145015c894de5001cce
USER002912,8a858e6f5668e01701567fb07dcc076c
USER002913,8a858e79568ec7de01568f358c252096
USER002914,8a858e8a5c1c14b8015c1d9847f24af8
USER002915,8a858e94580afa79015829ebf4d974d1
USER002916,8a858ea55b58f026015b5c07521824eb
USER002917,8a858eaf5b617c94015b61aa95c124b3
USER002918,8a858ec358dc5c130158ea2c46c124be
USER002919,8a858ed1594a282f015963c795622574
USER002920,8a858edc554f009d015557f60de97583
USER002921,8a858ee45b39aa80015b3a963a7e6d35
USER002922,8a858eea5d1d99d3015d21a1ab3c17ff
USER002923,8a858ef45be99ccb015bec641b5203ce
USER002924,8a858f005a04ae6e015a0635dd524947
USER002925,8a858f065b1fe50a015b236489d57fb6
USER002926,8a858f0d58a18ebc0158b4c0607f4bfc
USER002927,8a858f185b42f6f1015b4304bd7a0bfa
USER002928,8a858f255cb1710a015cb4f868d27b0d
USER002929,8a858f2a5b3f2121015b4203882746ad
USER002930,8a858f305c8dd672015c97fcd16d5846
USER002931,8a858f3e57e2cfcf0157e66df8327b91
USER002932,8a858f4958721a8c015874acc2023782
USER002933,8a858f545c887b44015c8c85008b06de
USER002934,8a858f5f5b39bb0c015b3aa87eb81282
USER002935,8a858f665c2142a0015c23cc8b1308f3
USER002936,8a858f675d368592015d36a43c44153c
USER002937,8a858f7d5578012a01557ba429787a5f
USER002938,8a858f7e5c886ca9015c89471cef5b44
USER002939,8a858f8b5b630942015b6387bae751b2
USER002940,8a858f97594ab63d01594b8df02243c0
USER002941,8a858f9d5bd44001015bd492e919247f
USER002942,8a858fa3552ae1120155486928255fc1
USER002943,8a858fa85bf7d621015bf7d690b9006e
USER002944,8a858faf5c5ec14b015c5efb738127a6
USER002945,8a858fb75cf4b2bd015cf5d2df3e489b
USER002946,8a858fc55b2548dd015b2bce81b84c30
USER002947,8a858fd05bfd7d3c015c0be492e56e29
USER002948,8a858fc959bc56c80159caf763b468fb
USER002949,8a858fd3552c756201554b67d6fb4234
USER002950,8a858fda56562f8f01565f928f516cea
USER002951,8a858fe55511cbce01551dc42a7b745c
USER002952,8a858fee5863a049015864ec37223d8b
USER002953,8a858ff554e290e10154ec69186153cc
USER002954,8a8588235375c27f015376d27f982c9e
USER002955,8a858e4b5a94ae68015a99e158082f22
USER002956,8a858eac5c451942015c5082353d7892
USER002957,8a858ee75afc09f4015b003afc7010b1
USER002958,8a858f1b5b24a6bf015b24c29e5017d9
USER002959,8a858f415ba54724015ba58d8b2029cc
USER002960,8a858f9d5a8a79c5015a8baaaafb7213
USER002961,8a858fd25c5a5bc7015c5dea03764080
USER002962,8a85883353e2e4e40153ea9a790f4934
USER002963,8a8588f35438fe1201543d4927a77644
USER002964,8a8588fd53f1099e0153f9f8e4062cf3
USER002965,8a8589595384a8530153977b118e725e
USER002966,8a8589ac53a4303e0153a8d2389f2bc2
USER002967,8a858e005c2154c2015c2f5f6aac6594
USER002968,8a858e085ca0b5e8015ca0baedb30280
USER002969,8a858e175a3d3d78015a3e14a81844a2
USER002970,8a858e1e54e2aa5a0154e31e842130b6
USER002971,8a858e2857e2df4c0157e37e90222d88
USER002972,8a858e35589c0ac00158ac0e5c0839b7
USER002973,8a858e3d55ca3ef60155db99ec76153d
USER002974,8a858e4456ced8470156d73452f85335
USER002975,8a858e525cac859d015cb01e91ec2236
USER002976,8a858e5859f550040159f972cd816893
USER002977,8a858e625c8d993a015c922feb223e68
USER002978,8a858e675a3bef15015a3c0f2e700eb7
USER002979,8a858e6c5c88d145015c967ac98c63fa
USER002980,8a858e6f5cd5e874015ce59e237864a2
USER002981,8a858e785c8d9167015c980c019936fd
USER002982,8a858e875cfa37f5015cfcea6f7e3b36
USER002983,8a858e8d56b784480156c22f1aac38f2
USER002984,8a858e965b5e1b91015b608e62345989
USER002985,8a858ea75b1fd476015b214391781ed7
USER002986,8a858eb554d4ccaf0154df9262ec4376
USER002987,8a858ebc572e1e3a0157486799c971bf
USER002988,8a858ec95aa3cc45015aa531200a7925
USER002989,8a858eda552adcc201552ebf8deb74ce
USER002990,8a858edc5c7e7da5015c7ea42f010ac2
USER002991,8a858ee454da1cbd0154dce7be67210f
USER002992,8a858eea5a232d51015a249796171e39
USER002993,8a858ef55a46c7c8015a47574114741c
USER002994,8a858f0656b7820c0156bb8b83c8142a
USER002995,8a858f085b494826015b577599db521e
USER002996,8a858f0f5bfd79d2015c01cde70242be
USER002997,8a858f1f5c59cd91015c5e0901a105f1
USER002998,8a858f265c1c393e015c20a051d858b0
USER002999,8a858f365668e439015672f9c5c80aa0
USER003000,8a858f3d5bfc954e015bfca997410d79
USER003001,8a858f445cef446f015cf26e763c3504
USER003002,8a858f545908094b0159122a4ef57509
USER003003,8a858f595d1387e8015d15041f5b7897
USER003004,8a858f665c2142a0015c2bdbe404659a
USER003005,8a858e395cb1d4d9015cbf8640086398
USER003006,8a858e495bf8527e015bf8cea92737d4
USER003007,8a858e585693982b01569cbb3e6048da
USER003008,8a858e6059e0a7080159e991a6103010
USER003009,8a858e6956939bac0156a275c3354a1d
USER003010,8a858e6c5c88d145015c97f3ff1724b0
USER003011,8a858e785a53f8a6015a561b1aaf1610
USER003012,8a858e885b68546c015b8024c36b040d
USER003013,8a858e905bf2fa58015bf4376b7b60a3
USER003014,8a858e9b562dc748015630536c752aa4
USER003015,8a858eaa5b14b9b2015b14d353090d00
USER003016,8a858eb456e0b9490156e5ea6bd860e9
USER003017,8a858eba5c5a3035015c5d5787ab750c
USER003018,8a858ec35a428dcc015a4310c12f3679
USER003019,8a858ec65cc6352b015cc9e42b441adf
USER003020,8a858ed1594a282f0159645dd0d84491
USER003021,8a858edc5c7e7da5015c7f9b70d72be9
USER003022,8a858edf55ca17ba0155d87b4f525cf9
USER003023,8a858ee45b8c041c015b8f54f49030ed
USER003024,8a858ef258d4a48b0158dac227745fc0
USER003025,8a858f0455d9feaf0155e4344e847fc6
USER003026,8a858f0a56d3ed1f0156d66e2a5373ef
USER003027,8a858f105a4ed440015a50ce2f89452f
USER003028,8a858f165bf7b5ca015bf7b7fa8700f8
USER003029,8a858f1e5add5268015add9d7df911cb
USER003030,8a858f2b5998268e01599c8bf5897815
USER003031,8a858f2e5cd09481015cd133e1ed3ab9
USER003032,8a858f335cd0c78e015cd10d78b316c0
USER003033,8a858f375b493337015b4db76b0752cd
USER003034,8a858f4156939c3c0156947603fa4861
USER003035,8a858f4a584475fb015848bc78d532a6
USER003036,8a858f535908095c015911ce6c8a76bb
USER003037,8a858f5e5cb23c77015cbff5e90f24da
USER003038,8a858f665c2142a0015c31b5bb7910ca
USER003039,8a858f7a5ca22d3c015ca365189858f2
USER003040,8a858f8659db725c0159dcf1d4bd6f04
USER003041,8a858f8d5b81700a015b817cfacf0c55
USER003042,8a858f965c6950da015c7a34bb072e98
USER003043,8a858f975c4582c4015c58df29937df8
USER003044,8a858fa257d8223c0157de93b03e51bb
USER003045,8a858fa5552add5d01552f0382527a7e
USER003046,8a858faf5679a83801568eafc30a030b
USER003047,8a858fb45bb59c21015bc44544c91e59
USER003048,8a858fbd5cd6054a015cd8f040ff5129
USER003049,8a858fc559d611d40159d702990b0a8d
USER003050,8a858fc75cd62882015ce3af160470f5
USER003051,8a858fcf5b39c3ba015b39e4d0742417
USER003052,8a858fd75bc96a6f015bcbabca4a7b4d
USER003053,8a858fde56eb02280156fb85a2521990
USER003054,8a858fed5a3d7bb7015a3e2536153564
USER003055,8a858ffc5aa39049015aa41ffcef5d1c
USER003056,8a8589b953bc23f70153c79a4b241b3d
USER003057,8a858e345bd96da8015bdf75f0096214
USER003058,8a858e655cd0642d015cd4649feb50cb
USER003059,8a858ee45b39aa80015b3d2c44840c87
USER003060,8a858f2b5c11cabe015c11cce58e025a
USER003061,8a858f61587afbaf015882859cca4b5f
USER003062,8a858eda552adcc2015549077686473b
USER003063,8a858ee0560bc0770156196630ee2e35
USER003064,8a858ee85c7da7c5015c7e197b7d3b74
USER003065,8a858ef258d4a48b0158e24adc722829
USER003066,8a858ef85cf9e152015d04fcfbc31f17
USER003067,8a858f055b15b8d3015b164758eb3a24
USER003068,8a858f0c5cc68025015cc982465e7781
USER003069,8a858f105b433879015b43452276104f
USER003070,8a858f1c5ca1e2f9015ca1f18d750635
USER003071,8a858f255cb1710a015cb624f45a277e
USER003072,8a858f2b5bf35819015bf711567b0f1c
USER003073,8a858f30551130db015512599f923f5a
USER003074,8a858f335c8d9723015c9afe6a2552cc
USER003075,8a858f375b493337015b4a7a04286bac
USER003076,8a858f3e589c406101589f9f803e439a
USER003077,8a858f4e5ca72981015cabaa28101a39
USER003078,8a858f6057e2dba50157ee0cb3c55da4
USER003079,8a858f665c45930d015c549074f912f5
USER003080,8a858f735c161bda015c164752961cc9
USER003081,8a858f7c5be8dc45015be94efc9a520c
USER003082,8a858f8d56e0c3a70156e7e736735594
USER003083,8a858f935760a618015772352d175492
USER003084,8a858f975c4582c4015c4ec6fafe741d
USER003085,8a858f9d5668e3f10156767e9a0f0188
USER003086,8a858fa45bd95e9a015be26937475887
USER003087,8a858fb65b2020b2015b23c6042023b2
USER003088,8a858fc45c21da6f015c2792e305241e
USER003089,8a858fc959cbd1500159cf7081f02d60
USER003090,8a858fd05c7d6f76015c7d9f35f82450
USER003091,8a858fd85b685607015b75bab2977053
USER003092,8a858fe45cd62cbf015cd8b70993392b
USER003093,8a858fec5ceec886015cef1100012e1e
USER003094,8a858ff8582fcb8601583657888a1223
USER003095,8a858ffd5c8d343d015c984714ba1a4b
USER003096,8a858e0156b782a10156bb6e91b8089a
USER003097,8a858e6059e0a7080159e4a861cc71eb
USER003098,8a858e9059ff9e79015a020e58724c2e
USER003099,8a858ee755a0c84a0155bd6f241f4319
USER003100,8a858f2a5b3f2121015b404cbaab09da
USER003101,8a858f6155781363015588da6be85231
USER003102,8a858fc25bafabdc015bb0f4d7906643
USER003103,8a8588235375c27f01537f6d1ad53cff
USER003104,8a8588c2546bf75901547b05ad85198b
USER003105,8a8588f5542eb0d401543413be2b3f9b
USER003106,8a85893d53f104eb015409e83f5b166a
USER003107,8a85896653e0641c0153e12a41c550c3
USER003108,8a8589f853f100fb0153f85f57326137
USER003109,8a858e035a187786015a18af59052988
USER003110,8a858e0f5577f57901557ccf46ce3b55
USER003111,8a858e135cb22031015cbafc76964ebd
USER003112,8a858e2155defefd0155f06f2faa2841
USER003113,8a858e275c7ea5ec015c81c3b05f7394
USER003114,8a858e35589c0ac00158b03707026295
USER003115,8a858e445cd56553015cdf10636203ff
USER003116,8a858e535bab293b015bae68dbc4622d
USER003117,8a858e5b5bd99460015be170e2465d99
USER003118,8a858e695d1e075c015d2ffe8d7d6371
USER003119,8a858e6f5cd5e874015ce8ea0b996796
USER003120,8a858f6f5b3f095b015b3fb8a8e7099f
USER003121,8a858f7e5c886ca9015c88ff68964932
USER003122,8a858f8e5c5f46fc015c636d21887a8e
USER003123,8a858f975c4582c4015c54619e9b7e2b
USER003124,8a858f9b5a42e52f015a45ea99c56a99
USER003125,8a858fa5552add5d01554ea9435f677d
USER003126,8a858fab5cd5e1a7015cd8dccafc5f05
USER003127,8a858faf56b7821c0156d0cd1d693775
USER003128,8a858fb95a951d1a015a9627728034e1
USER003129,8a858fc25baeeeff015baf4220f02edb
USER003130,8a858fcb5ca240f7015ca582b0fa2539
USER003131,8a858fd3552c756201552d26fb26068d
USER003132,8a858fda56562f8f0156646c526f10f3
USER003133,8a858fe758dc437a0158f28361af1598
USER003134,8a858ff159ad042e0159ad17b9f60a89
USER003135,8a858ffd5c8d343d015c93f62b893259
USER003136,8a858e0256b781d80156c0e6c47c75e9
USER003137,8a858e5555780ea001557951c3dc6af3
USER003138,8a858e875c63d395015c73ab361a141b
USER003139,8a858ed55c63db54015c74f23c2b37f7
USER003140,8a858f1554e294490154e3aa3ffe6569
USER003141,8a858f555cacacdf015cad647b6e26ad
USER003142,8a858f8d56e0c3a70156ffe45aaa277a
USER003143,8a858fbf5b3a0b46015b3b03ff5567df
USER003144,8a858fdd5d3268a5015d33a81747565a
USER003145,8a1eb5ba49a682300149c3c068b806c7
USER003146,8a858899538ddb8e01539483a5c32d6a
USER003147,8a85892854be331a0154c901e52e390a
USER003148,8a8589a7545186b101546251628c4dee
USER003149,8a8589f853f100fb015414f177180117
USER003150,8a858e0a5668e69c01567edcd2bc2bf8
USER003151,8a858e105c1c09c8015c1ff8c6666669
USER003152,8a858e195b90e512015b90f0a8f005d6
USER003153,8a858e245c214660015c216f62010d6e
USER003154,8a858e315cf48957015cf86e12995947
USER003155,8a858e3d570f30bb01571e88fc45384b
USER003156,8a858e495cef1ef1015cf3a804e535d7
USER003157,8a858e585693982b01569801e038172f
USER003158,8a858e5b5ca767e1015ca810b22e2d3e
USER003159,8a858e645755e62201575e72c8b77fd5
USER003160,8a858e6a5cc6b1aa015cca236b471ea6
USER003161,8a858e6f5cd5e874015ce9b5593941a5
USER003162,8a858e785c8d9167015c9341c238485a
USER003163,8a858e7d5b591490015b5c04c76a11fe
USER003164,8a858e875c63d395015c723492986f7a
USER003165,8a858e9156e137c60156ff22fcad444c
USER003166,8a858e945bfdb9e7015bfe5bac2124e2
USER003167,8a858e9d5b2465bb015b24743be909c3
USER003168,8a858ea35d0cdd1c015d0d2b2d4f2888
USER003169,8a858eaf570f3a0a01571816732a3ae5
USER003170,8a858eba5c884d2a015c8bea59385157
USER003171,8a858ec555f82a230155f92ff37d0b31
USER003172,8a858ed45bc9a645015bc9d3ef6f1184
USER003173,8a858eda552adcc20155538395171da2
USER003174,8a858ee05bcdea36015bcdffdd2e0a33
USER003175,8a858ee758b4c54a0158d3914a3840b8
USER003176,8a858ef45bcf0c76015bcf1a864d0462
USER003177,8a858f01589b6f8e01589bf33ffc492f
USER003178,8a858e785c8d9167015c95a0bee46469
USER003179,8a858e885b68546c015b757f4a705633
USER003180,8a858e8e5ca1f1a8015ca61b2fca6f31
USER003181,8a858e985ccb51e8015ccb62ac37072a
USER003182,8a858ea35b62a3e1015b62d3ec90281b
USER003183,8a858ea75b1fd476015b205480bd6adc
USER003184,8a858eaf5b617c94015b6194555e10a2
USER003185,8a858eba5591bf2801559684235d225f
USER003186,8a858ebd5b254c8b015b2a8321e316b1
USER003187,8a858ece5862630201586465cc5f32eb
USER003188,8a858edb5a70bfe0015a760bb8e321a1
USER003189,8a858ee0560bc0770156222d2ade524c
USER003190,8a858ee65be8d42d015beb69b0bc72aa
USER003191,8a858ef25c8393f8015c83e086201108
USER003192,8a858ef85cf9e152015d00323c5f540e
USER003193,8a858f0455d9feaf0155e4f43181412f
USER003194,8a858f1b5a601b5a015a609f5b984127
USER003195,8a858f24584470a0015850703b290278
USER003196,8a858f305c8dd672015c92b0711a3333
USER003197,8a858f335c8d9723015c92c676494cd9
USER003198,8a858f365c83961c015c8712fd380b89
USER003199,8a858f475bceed0d015bd01e3dcf6d95
USER003200,8a858f4d59f551120159f86e27d740bd
USER003201,8a858f5b5a4d538e015a501ba52552ea
USER003202,8a858f615623747d01562c548649609d
USER003203,8a858f6f5b3f095b015b40f2cd163744
USER003204,8a858f735c7cfc3c015c7d63275c4511
USER003205,8a858f7d5a53db95015a5a093673725a
USER003206,8a858f8a558227f20155915162bd53e0
USER003207,8a858f965a60fcd2015a61557a7f4325
USER003208,8a858f97594ab63d0159654a74ff2b9c
USER003209,8a858f9f5679951a015692c661784bb8
USER003210,8a858fa154e2912f0154fd34e31275c1
USER003211,8a858fa45bd95e9a015be40e410c1ad4
USER003212,8a858fab5b9105dc015ba13ec2a57a0a
USER003213,8a858faf5a28ca05015a2952bc3f2e86
USER003214,8a858fb95b5d059d015b5d11da5d1013
USER003215,8a858fc55b00e79e015b022a1350012b
USER003216,8a858fd05bfd7d3c015c0c5d3e482a95
USER003217,8a858fd75bc96a6f015bcd5861d93185
USER003218,8a858fde56eb02280156eb911f1e3872
USER003219,8a858fe7568ed7420156920bff565cc7
USER003220,8a858fea5b391cd7015b393b0fa72a93
USER003221,8a858ff25c8250c1015c8290987c2be5
USER003222,8a858fff5a28d297015a2bc47db84f33
USER003223,8a858e135cb22031015cbf92f3be3c16
USER003224,8a858e5357d823010157ddcb238e0d02
USER003225,8a858eac5c451942015c53f18acd04c7
USER003226,8a858ef85cf9e152015cfa4236fd2670
USER003227,8a858f445a4c929e015a4ca09cf50f44
USER003228,8a858f9f5bd99987015be35f3b5730fe
USER003229,8a858fe75be82695015be84134cd19b8
USER003230,8a858f0656b7820c0156c3a11ccf195f
USER003231,8a858f0f5bfd79d2015c008a8cba6830
USER003232,8a858f1955b1c4df0155ce9b2e35046b
USER003233,8a858f1f586c8fc8015870ffe8e17424
USER003234,8a858f2756cec0a30156e00f8a36011f
USER003235,8a858f305c8dd672015c96fb28632be3
USER003236,8a858f375b493337015b56fbe1c0738e
USER003237,8a858f475c7ea023015c7f69842720ee
USER003238,8a858f585bfd6341015c024bcc5369b1
USER003239,8a858f625d611181015d648a6bed41c8
USER003240,8a858f6d5bfcd8a2015bfcf70b4213bc
USER003241,8a858f78550ba1040155110cdacd015f
USER003242,8a858f9158aff6a30158b4c1f2b60833
USER003243,8a858f975c4582c4015c4c1136fc47fa
USER003244,8a858fa154e2912f0154f16a80f32556
USER003245,8a858fa3552ae11201552fce5df04e1a
USER003246,8a858fa95c695f85015c6beb3279647b
USER003247,8a858fad5ccb633e015ccbeb05ae2d2c
USER003248,8a858fb45583686f01558c5f9c364ac1
USER003249,8a858fc25baeeeff015baf446e843009
USER003250,8a858fcb5ca240f7015ca5f72d8c6357
USER003251,8a858fd3552c7562015559cb371f4c8c
USER003252,8a858fd75bb62bbe015bc8ac68616fb2
USER003253,8a858fdc5c118fd3015c11a211e108b7
USER003254,8a858fea5cc644ae015cca478da95f5d
USER003255,8a858ff455a09f5a0155b9fdcfca7f3f
USER003256,8a858ffc5baffa85015bb24ddafb60a9
USER003257,8a858e475c127bce015c15e434622bde
USER003258,8a858eb4588604f70158887278a80aae
USER003259,8a858f105a4ed440015a5ba5ab1f3ca0
USER003260,8a858f605b57bf87015b57c86caa042f
USER003261,8a858fab5cd5e1a7015ce60347f43f55
USER003262,8a858ff05b1ac77f015b1b0ea58735c2
USER003263,8a5cfa8345d40fb80145dc328532397a
USER003264,8a858899538ddb8e01539eccc3c375fe
USER003265,8a8588f35451808f01547b8e92ec220d
USER003266,8a8589045384bd83015399ab579042b9
USER003267,8a8589d754a05c0a0154a48518666580
USER003268,8a858e045b495c30015b497a0e1d0e09
USER003269,8a858e0b5d1d8104015d1da5234b0e90
USER003270,8a858e165b90faf9015b973923842ae9
USER003271,8a858e225a28c713015a2ce31a9e0dc8
USER003272,8a858e2d5aebef07015aec2e96e372c8
USER003273,8a858e36590808e301592ae6ca1a0f3b
USER003274,8a858e445d31e47a015d3213da101e6e
USER003275,8a858e4b5cb1e4d7015cbb9cbacf67e3
USER003276,8a858e5856b7840c0156c298b5d35422
USER003277,8a858e615c832be8015c86c6e7481967
USER003278,8a858e64590ae20001591534eb0647ec
USER003279,8a858e69566ae5b801566c40bb294259
USER003280,8a858e6d5b252065015b2acdc061657c
USER003281,8a858e705cb15527015cbf20a8da20aa
USER003282,8a858e785c8d9167015c97ca7fbe2c0c
USER003283,8a858e875c63d395015c65308d640c0f
USER003284,8a858e945bfdb9e7015c0ccf952b0d3e
USER003285,8a858ea4582fcdc80158338316a258e3
USER003286,8a858eac5c451942015c54fdbff96c8b
USER003287,8a858eba5b681df4015b75ab13016a89
USER003288,8a858fd55577e87601558336f0793396
USER003289,8a858fd95c878bfe015c87b75e8f1fc3
USER003290,8a858fe45cd62cbf015ce93a8a26355d
USER003291,8a858fe8586deed301586e7c59052897
USER003292,8a858ff25a6a19ee015a6abff5ed659c
USER003293,8a858ffc5852f33d015857ef84051d76
USER003294,8a858e015c58ee6a015c592ed3541c4a
USER003295,8a858e5b5ca767e1015caa30f3125abc
USER003296,8a858e8a5ca0f59d015ca1736eef3cb3
USER003297,8a858f09582a50b201583155980077a9
USER003298,8a858f61560bc0e501561c4c492609ef
USER003299,8a858fa158f8ee8f0158ffc2f0644e78
USER003300,8a1a32fc49b632520149c3b8fdf85139
USER003301,8a85882953bc04f80153bc198e5d0222
USER003302,8a8588bf54c8eab60154c9226d7917e7
USER003303,8a8588f853b1b2d40153bd9536925edb
USER003304,8a85893d53f104eb015400808d86752b
USER003305,8a85896653e2e18b0153f0c200dd62c6
USER003306,8a8589a75438621601543ab52054150c
USER003307,8a858e005577f1ba015578147fc50f0c
USER003308,8a858e045cd5b1d6015cdb5446b34af8
USER003309,8a858e105bd92644015be699d91214f3
USER003310,8a858e1e5b1fc4ad015b1fc9fd66028a
USER003311,8a858e245c214660015c307d07003faf
USER003312,8a858e395cb1d4d9015cc006b54025a9
USER003313,8a858e495d1e235c015d2218c8ef60b2
USER003314,8a858e5555780ea001557e4e09383b96
USER003315,8a858e5f5d0e9ac2015d114f3fb57058
USER003316,8a858e665b8729fe015b8996f6f14ebd
USER003317,8a858e6a5bfd4b54015c01d5bc6855c7
USER003318,8a858e705b3a03c7015b3b3971af6511
USER003319,8a858e7a56e509290156f40f7c2844ae
USER003320,8a858e8d56adbdae0156b437814d071b
USER003321,8a858e935b496584015b4e93bde25599
USER003322,8a858e9b5a61655b015a61e631833c3e
USER003323,8a858ea45b35639b015b3712616e2d5f
USER003324,8a858eb35ad7c9c7015adaff46eb1fcb
USER003325,8a858eba5c884d2a015c959cafd52be5
USER003326,8a858ec45577f83e01557e2434a2109f
USER003327,8a858ec95afc0922015afcf961164042
USER003328,8a858ee25b34d796015b37d2907d394d
USER003329,8a858ee65be8d42d015bec21e37e1f59
USER003330,8a858ef255c55fd60155d8c4b6db454f
USER003331,8a858efb54ccb4820154cd9bf5382fba
USER003332,8a858f045556eaa4015558e0c68b60cc
USER003333,8a858f0a56ffda56015709b8507a0abb
USER003334,8a858f15555455250155593c822b45f0
USER003335,8a858f1f5799c85e015799fe3282172c
USER003336,8a858f265c1c393e015c20379a9341b7
USER003337,8a858f295c8d307f015c9e91e5212689
USER003338,8a858f2e5876d7d00158775e060838ba
USER003339,8a858f335c8d9723015c9bc0a13037d0
USER003340,8a858f3d5add42e2015ae1446fbf7d56
USER003341,8a858f435aa9712e015aa9e8e9735ca6
USER003342,8a858f4c5bb597f6015bc37ca2495d1e
USER003343,8a858f5659bc0eea0159c9e3ddee1d5f
USER003344,8a858f5b5bee1b11015bf192ffb44553
USER003345,8a858f5f5a3d03ab015a3ebc0fd0071d
USER003346,8a858f665c45930d015c490f9e137383
USER003347,8a858fc9580b91da01581bca02085f52
USER003348,8a85881a5420ebf101543805f5fb4a09
USER003349,8a8588dd54be35520154c05cbe9759e5
USER003350,8a85893d53e2e2f30153ea96bf9d09ca
USER003351,8a858966538deb19015395ac1d4f416f
USER003352,8a8589a453bc422d0153c97956cb020d
USER003353,8a858e005c2154c2015c2f54b7935fe5
USER003354,8a858e035693e02901569504a7cd4a8f
USER003355,8a858e0a5668e69c0156831b8a43116f
USER003356,8a858e1158dc4d830158f8829c7929a1
USER003357,8a858e1a59cbf7460159d0335d9a6a03
USER003358,8a858e2155defefd0155ed6d112c6b55
USER003359,8a858e275c7ea5ec015c81b78d406c50
USER003360,8a858e345bd96da8015be3d7c0894a31
USER003361,8a858e41579fc64b0157a8140dfb465e
USER003362,8a858e51584a1fc701584a20d4560048
USER003363,8a858e5c56f98bad0156fec9e9326a62
USER003364,8a858e685c217d36015c34a57d886783
USER003365,8a858e6d58b0cc520158c326f17f257d
USER003366,8a858e785c8d9167015c9c4faa701884
USER003367,8a858e885b68546c015b7238f22027ba
USER003368,8a858e8d56b784480156d7d32d347963
USER003369,8a858e9b560bbd6301560bd6568f0312
USER003370,8a858ea35d2d2f62015d2e77719b60be
USER003371,8a858eab5cf9c4c8015cfaeeb936440f
USER003372,8a858eb75c21a2b9015c24d4d3203a06
USER003373,8a858ebc5b48cbd0015b48cd84ac03ba
USER003374,8a858ece5b0142e3015b0f3accb86c5d
USER003375,8a858eda5c8863ff015c97c9d3a9122a
USER003376,8a858edf5c69a538015c6a1a35b11a71
USER003377,8a858ee55c830000015c873225d318ba
USER003378,8a858ee75a6156c0015a635f394a5f79
USER003379,8a858ef7597cf4c501597e2416f907aa
USER003380,8a858f055c831d5b015c87192bf35ab2
USER003381,8a858f265b394f74015b3954a1400698
USER003382,8a858f2d5853901a01585805b6e47e3d
USER003383,8a858f305c8dd672015c9b7a60f96231
USER003384,8a858f375b493337015b551f74831441
USER003385,8a858f415ba54724015ba5a9cabc39a7
USER003386,8a858f4958721a8c0158741a961b2fc3
USER003387,8a858f54589736f40158a1b8a006728a
USER003388,8a858f585cf9d48b015cfa1942b1293e
USER003389,8a858f615623747d015626ce7f865d2e
USER003390,8a858f6f57d2acb50157dca4f81540e2
USER003391,8a858f7d5cf9aef9015d0a60d4053a31
USER003392,8a858f9157f7b9670157fb3f27a779e5
USER003393,8a858f985bee01cb015bf160e3ef4c1d
USER003394,8a858f9e5a41dfd7015a41f7b0ae1759
USER003395,8a858fa1590804320159088fd2fa1824
USER003396,8a858fa5552add5d0155304f5f3f0bb3
USER003397,8a858faf56b7821c0156d1431b3e3d26
USER003398,8a858fb75cf4b2bd015cf799030e73c9
USER003399,8a858fc259d7378a0159d9505282320d
USER003400,8a858fcd56b9f22c0156c2fc17763dcc
USER003401,8a858fd4597cf42201597eded8940f3b
USER003402,8a858fdb5d19348a015d195225d8074b
USER003403,8a858fe65675195a0156766ebdb042c8
USER003404,8a858fee58f7c77e0159039ce4725e6f
USER003405,8a858ff85bd93919015be27b9f421e8b
USER003406,8a858f6e5a951fc2015a9e8c2e4f4436
USER003407,8a858f74584a54aa015862440ad90e4d
USER003408,8a858f7e5c69a6e3015c73634ec272f6
USER003409,8a858f8d56e0c3a70156fe8e28c92bae
USER003410,8a858f9d565c00590156663342c463d5
USER003411,8a858fa057e2a0a50157e87651495c74
USER003412,8a858fa257d8223c0157e6678b8a1e8b
USER003413,8a858faf56b7821c0156c324964a1968
USER003414,8a858fba5cd5feee015cdbba6b9d564b
USER003415,8a858fc25c172499015c17f4bce4345a
USER003416,8a858fd55b1aae2e015b1bc0d49773ae
USER003417,8a858fd85b685607015b783fe1212f10
USER003418,8a858fe45a7f52b1015a818bd5ad73a0
USER003419,8a858fed5a28bf0e015a2f0aa63f38d9
USER003420,8a858ff85bd93919015bdab43d435d04
USER003421,8a85898a53bc15600153c76825c74b94
USER003422,8a858e3a5cef882a015cefc0bf3f1fa2
USER003423,8a858ed45c454c11015c4e40f6f7640e
USER003424,8a858efd5ca70688015ca7ead745627c
USER003425,8a858f74584a54aa01585cbeb48f4166
USER003426,8a858fc35b347bd4015b348a42791649
USER003427,8a8588235375c27f01538446e3214790
USER003428,8a8588c7541e2f4b015432ff754e0971
USER003429,8a8588fd53c244bc0153cb1b1c2c6cec
USER003430,8a8589595384a8530153931b3d824f62
USER003431,8a8589a453bc422d0153c7c133ba0d23
USER003432,8a8589c1545181f30154735d98f93955
USER003433,8a858e0b5cf4883c015cf7f015511f70
USER003434,8a858e135c7e2eec015c81c27f791ff7
USER003435,8a858e1c56dfea870156f57a826a1207
USER003436,8a858e205c21d53a015c24b30b8c2f39
USER003437,8a858e335b806e4d015b807c181d101f
USER003438,8a858e3654e2a8240154e379593e4df2
USER003439,8a858e3d55ca3ef60155d5601ed8381b
USER003440,8a858e475c1c2ea7015c1c4de7bd09f0
USER003441,8a858e5856b7840c0156c2db475368e4
USER003442,8a858e65582a517e01583f9700963ded
USER003443,8a858e69566ae5b801568d1b9290796c
USER003444,8a858e6f5c120e66015c16275ebc4eac
USER003445,8a858e785c8d9167015c92c004e72b0a
USER003446,8a858e85598cd81601598fc650e251e3
USER003447,8a858e8b5bc9e7e6015bcd7b7ee305b9
USER003448,8a858e935b496584015b4dea69253842
USER003449,8a858e985885ff6d01588c63a76e3a74
USER003450,8a858ea355660956015573132d287253
USER003451,8a858eaa55a0b8ae0155ca0b3ad43640
USER003452,8a858eb45c11f9e4015c1515eaf66aa5
USER003453,8a858eba5b681df4015b6d5c3c7b59b3
USER003454,8a858ec55b67bb15015b67ce6a96119a
USER003455,8a858ed45c454c11015c4e1307e35dd9
USER003456,8a858edc59ee87640159eeb9774f1aa7
USER003457,8a858eea5a854c79015a856b30d10f99
USER003458,8a858f0056b7cf8e0156d5f3c4f26f03
USER003459,8a858f045bc9690c015bc98a86fd0efb
USER003460,8a858f0d594d711e0159634be1d94ec1
USER003461,8a858f1b5b256bc9015b28bed2fa4d4c
USER003462,8a858f255cb1710a015cc098df8b7fce
USER003463,8a8589f354518554015476f53cc85096
USER003464,8a858e5b5bd99460015be19d989363d3
USER003465,8a858eba5b681df4015b7bd3405e7934
USER003466,8a858eef55548905015572bde55a59e3
USER003467,8a858f235b8bf5bc015b8c24d398238b
USER003468,8a858f495a7fafc1015a800d307d4d03
USER003469,8a858fa25a84fe3b015a852ea1d02175
USER003470,8a858ff55b444a8c015b4493c6342f3a
USER003471,8a85884e54a0565b0154b8e5e038630b
USER003472,8a8588f6548fb0c201549514019447e3
USER003473,8a8589005384ab57015388a9a36e62e4
USER003474,8a85898a53bc15600153bea84f9e21e3
USER003475,8a8589b953bc23f70153c871f9e25781
USER003476,8a858e0156b782a10156d151957b56cc
USER003477,8a858e0a5668e69c01567aa57c377762
USER003478,8a858e1856aa901b0156b3b683c36060
USER003479,8a858e225a28c713015a2cfb72ce119e
USER003480,8a858e335d1dd902015d243228db3b9b
USER003481,8a858e395cb1d4d9015cb1e79d810892
USER003482,8a858e3e5b3ee747015b3ee854f7012f
USER003483,8a858e445cd56553015cd9811fb40911
USER003484,8a858e555b85f9a2015b8606945a0a8b
USER003485,8a858e59569397d5015697f83bac10d0
USER003486,8a858e63599799e901599dce58322a64
USER003487,8a858e69566ae5b801566ff083790265
USER003488,8a858e6c5c88d145015c9c27783c72a0
USER003489,8a858e705668e16701568b566c6857c5
USER003490,8a858e7b55deef140155e500afb54cc6
USER003491,8a858e885b68546c015b7d0f785b0e2b
USER003492,8a858e8e5cc54eb9015cc59a217a246a
USER003493,8a858e985885ff6d0158906f9c082a68
USER003494,8a858eac5b3ece95015b3ee7942e2457
USER003495,8a858eb65c3b3074015c441b25e37f6e
USER003496,8a858ec05ba5ca1d015ba5e55a060b0c
USER003497,8a858ece586263020158649c6f303ccf
USER003498,8a858eda552adcc2015553a6385628e7
USER003499,8a858edf5c69a538015c79f5c58d2e07
USER003500,8a858ee45b39aa80015b3ae1004602fa
USER003501,8a858eed5756fb0e01575e24e900478d
USER003502,8a858efd5ca70688015caa9a7fda3370
USER003503,8a858f065b1fe50a015b20c201f574d1
USER003504,8a858f0a56d3ed1f0156d5959f9e31fd
USER003505,8a858f13556665aa01556efd1d087572
USER003506,8a858f23573921ad0157562d0d7015e4
USER003507,8a858f2e5c699f3a015c77aa22ed7f23
USER003508,8a858f365c83961c015c87be26386a2f
USER003509,8a858f405d13c45f015d1581fab05f1f
USER003510,8a858f495bcefdb9015bd231d00778ab
USER003511,8a858f555cacacdf015cafb65d3e6608
USER003512,8a858f5b5bee1b11015beeff2cfe4d3a
USER003513,8a858f665c45930d015c5427f2e26489
USER003514,8a858f725b49c0c0015b53c3efcd2b7b
USER003515,8a858f855bf2f1ad015bf5c0e6c01b8a
USER003516,8a858f925bec9b74015beceb8bf13a0a
USER003517,8a858f98560bbe11015611ef84820b47
USER003518,8a858f9c56aaf37d0156b6ec1be309d6
USER003519,8a858fa55d37a570015d38332887360d
USER003520,8a858fab5cd5e1a7015ce02279e639a8
USER003521,8a858f2e5876d7d0015877a5e1385176
USER003522,8a858f335c8d9723015c94812aa206d3
USER003523,8a858f365c83961c015c86ca922b5ddc
USER003524,8a858f465668e3d60156731df06205ef
USER003525,8a858f54589736f40158ac5696443c4b
USER003526,8a858f565c3acb9d015c3e42eebe16fd
USER003527,8a858f5d5929e0fd015930a90a110ef4
USER003528,8a858f615591c2cc01559c85e34172bd
USER003529,8a858f6e5cb16eb9015cc459b4c20f43
USER003530,8a858f765a4e7c76015a5a9340ce2a38
USER003531,8a858f7e5c69a6e3015c7abe2c1b37d3
USER003532,8a858f8e5c5f46fc015c636601b777ea
USER003533,8a858f965bb63a25015bba71070e6859
USER003534,8a858f9c5bb503b8015bb5063bcb021e
USER003535,8a858fa25bd92c20015be42eb4d77cbb
USER003536,8a858fae5921beeb01594a6b98513a8c
USER003537,8a858faf56b7821c0156cd5eb6c31f85
USER003538,8a858fb45bb59c21015bbfe3651f0750
USER003539,8a858fbc5cc666c8015ccaa6c8dc2270
USER003540,8a858fc65c7e0e55015c7f71c0ec64e0
USER003541,8a858fce5bab3591015bab6202051912
USER003542,8a858fd3552c75620155394ed06d4f89
USER003543,8a858fd55c45ba15015c45dcf07c102a
USER003544,8a858fdc57ab280a0157b277e9ff6d53
USER003545,8a858fe95c88ee44015c8c4043291900
USER003546,8a858fee58d73f5f0158e3e9c6176212
USER003547,8a858ff259d1429e0159d1a4117e23bd
USER003548,8a858ff8582fcb86015842f0937e432f
USER003549,8a858ffd5caca417015cb006d7aa3382
USER003550,8a858e135cb22031015cbcf1122f779e
USER003551,8a858e5357c8273b0157cf6403254f68
USER003552,8a858e785c8d9167015c96e5c3f5091f
USER003553,8a858eb75c21a2b9015c2d519a0a727e
USER003554,8a858f01587f1f73015881dd10be0f09
USER003555,8a858f2b5bf35819015bf3a8d4072974
USER003556,8a858fa3586d20e0015871142a6046af
USER003557,8a858fd55c45ba15015c53a888e50be7
USER003558,8a85881053bc33670153c842d8990da3
USER003559,8a8588ae53f1cb7c015401a930c45ad7
USER003560,8a8589045384bd8301539e93bb010699
USER003561,8a85898a53bc15600153cb8e38ae2c5f
USER003562,8a8589da5410287f01541ff402633c01
USER003563,8a858e045b495c30015b49b40d522144
USER003564,8a858e0c5519be540155224efeb83f2f
USER003565,8a858e125d65ee4d015d699d321f719d
USER003566,8a858e1d5b2510b2015b2ec1e9541f3c
USER003567,8a858e225c404292015c5530c04b10ac
USER003568,8a858e2857d80e580157d836de5d2be6
USER003569,8a858e375bcf8394015bd38ef3877bf3
USER003570,8a858e495d1e235c015d22b45ae26f6c
USER003571,8a858e5856b7840c0156bc78a4767ae8
USER003572,8a858e615c832be8015c83f6af853b59
USER003573,8a858e655a047d1a015a05e93ffa5960
USER003574,8a858e6a5cc6b1aa015cc922395235a0
USER003575,8a858e705668e16701568d07718d6e1e
USER003576,8a858e885b68546c015b70bc09dd7ad1
USER003577,8a858e935b496584015b5198c2b30b82
USER003578,8a858e955631db4401564177c5290d69
USER003579,8a858ec559dbb41a0159dc0a25961fa1
USER003580,8a858ecc596e3666015977c3100a7b84
USER003581,8a858ed55c63db54015c6a16515241b9
USER003582,8a858eda5c8863ff015c91c76ef763c5
USER003583,8a858ee05a6b7d75015a704d99b22ed7
USER003584,8a858eed5a476a3c015a47967d2e18f3
USER003585,8a858ef25cd0c652015cd4677dc72a89
USER003586,8a858efd5b39cf3d015b3a347f8a469f
USER003587,8a858f0656b7820c0156b7ba6d5f13c0
USER003588,8a858f0c5cef4be2015cf362d83017a0
USER003589,8a858f185d1daff6015d1df2460e159a
USER003590,8a858f1e5cc4bc81015cc54972fb52d1
USER003591,8a858f2656e154de0156f96477c92a1e
USER003592,8a858f2c59cf3fcc0159cfdddff3485a
USER003593,8a858f305c8dd672015c930f506d4b53
USER003594,8a858f335cea21f8015ceda4e4cd5776
USER003595,8a858f375b493337015b52c1cd713ff0
USER003596,8a858f465668e3d601567defdbb90e5a
USER003597,8a858f505c7e3a50015c7e8ccaa9285c
USER003598,8a858f615591c2cc01559597a77202c6
USER003599,8a858f6a5a8a6734015a8aa2bb8020da
USER003600,8a858f765aad177b015aad95c071630f
USER003601,8a858f7d5a5bd94e015a5fbe42b84f0a
USER003602,8a858f8e5b8c34d3015b8f25ea8f03b9
USER003603,8a858f965bb63a25015bbc7b99e70180
USER003604,8a858f985b3db23f015b3de96eac49ca
USER003605,8a858fa154daefc00154df6b9c792ca8
USER003606,8a858fa5552add5d0155356128d8668a
USER003607,8a858fb95bd896cc015bd8c417311b6c
USER003608,8a858fc55b2548dd015b2fd12423240e
USER003609,8a858fcc5d0cbc32015d0cbda2d1011a
USER003610,8a858fd35b441894015b44ed16fb63b7
USER003611,8a858fd95c3b5bca015c40f1b1a005ec
USER003612,8a858fe55693989201569a64b99b11a1
USER003613,8a858fee5d1878f4015d187ebc4d0660
USER003614,8a858ff9580b88120158160820c9217b
USER003615,8a858fff5a36fe68015a3b8dcb8a3843
USER003616,8a858e255b910db1015ba0f65f8e3b69
USER003617,8a858e6d5b252065015b29d353784928
USER003618,8a858e9d5bfd7037015c02983b964527
USER003619,8a858f005b396e23015b3995995732bc
USER003620,8a858f335c8d9723015c8da0ed2b04bf
USER003621,8a858f665c45930d015c509928b92f50
USER003622,8a858fde5800dc86015801acc2c759e1
USER003623,8a85882653e2eb990153e6349161513e
USER003624,8a8588dc536a14130153790b5b5d7cda
USER003625,8a8588f754a058cb0154ba36ffee5c96
USER003626,8a85895054be35160154c36a6ba03ea0
USER003627,8a85897353d85af80153d8a56c3401b8
USER003628,8a858e0156b782a10156c206b49d04ed
USER003629,8a858e045cd5b1d6015ce47a16742d68
USER003630,8a858e105bd92644015bdd2f7a981936
USER003631,8a858e1d5cd58f9e015cd5be41721a4e
USER003632,8a858e225a28c713015a31751aaf3f4b
USER003633,8a858e2c5b80de3f015b80e8045204ef
USER003634,8a858e3654e2a82401550b034d7f3d53
USER003635,8a858e445cd56553015ce8f61189079c
USER003636,8a858e585693982b01569ad52d7b1498
USER003637,8a858e5c56f98bad0156ff01cbd504af
USER003638,8a858e6c5c88d145015c8fa5e8122270
USER003639,8a858e705b3a03c7015b3ccbeba01c10
USER003640,8a858e785c8d9167015ca05320ba6830
USER003641,8a858e8a575612610157713f256e1d4b
USER003642,8a858e905bf2fa58015bf6eb9f1e77cf
USER003643,8a858e9b560bbd63015611d6c90f0f5f
USER003644,8a858ea35d2d2f62015d303436a80590
USER003645,8a858eab5cf9c4c8015d0008356e462f
USER003646,8a858eb45876dcc501587dae11f2283e
USER003647,8a858eba5b681df4015b78ca2565324c
USER003648,8a858ec55b441639015b472039ea4a22
USER003649,8a858ed35cd57328015cd579d99904b0
USER003650,8a858edc554f009d01554ff6eb224b42
USER003651,8a858ee25ca1a0f9015ca1a5d5d50289
USER003652,8a858ee755a0c84a0155b50a08352311
USER003653,8a858ef25c8393f8015c87a580106a78
USER003654,8a858efa5c646292015c72dba8c02e37
USER003655,8a858f0456511c9401565c13d32936fb
USER003656,8a858f1c5ca1e2f9015ca231612f359e
USER003657,8a858f255cb1710a015cc086cdf573fc
USER003658,8a858f305cb1ec4e015cb5127be3452a
USER003659,8a858f335c8d9723015c9cef3ef85af2
USER003660,8a858f3e5885ffa30158928cad6501c6
USER003661,8a858f475c7ea023015c7ed381550c5c
USER003662,8a858f585a6bfa1d015a6f8b2d582fb9
USER003663,8a858f5d5963fbb701597473936c208a
USER003664,8a858f6459b6456d0159b69978f22bed
USER003665,8a858f725b49c0c0015b4efd41913c0f
USER003666,8a858f7958b0a4a80158b261fd354f17
USER003667,8a858f7e564ad33801565a5614763e6a
USER003668,8a858f8f5bfd3cfa015c0b4d7b61102c
USER003669,8a858f965c6950da015c69c571b93c16
USER003670,8a858f98560bbe110156170e27073502
USER003671,8a858f9f5bd99987015be27c21221292
USER003672,8a858fa15b3443a1015b3460fbef252e
USER003673,8a858fa5552add5d01554935cd6633ac
USER003674,8a858fad5ccb633e015ccbe337372ab3
USER003675,8a858fb15d41fc6b015d420039ec015f
USER003676,8a858fbd59acee6a0159adcc397f059a
USER003677,8a858fcd56b9f22c0156c5b280650d11
USER003678,8a858fd3552c756201553f187a62138c
USER003679,8a858fd858d5076d0158d6ee63002351
USER003680,8a858fe25b8c4e5c015b8f61faf34239
USER003681,8a858fe758dc437a0158eb12515362d4
USER003682,8a858fec5b5c994b015b5cba37c61d51
USER003683,8a858ff455a09f5a0155ba378c9b10bc
USER003684,8a858899538ddb8e0153a2b555421fc5
USER003685,8a858e1d5cd58f9e015ceda385bb359d
USER003686,8a858e5c5c361f7d015c398156ef666a
USER003687,8a858ecc57b9184b0157c4ffc1b80614
USER003688,8a858f0656b7820c0156c92ca3ba436f
USER003689,8a858f54589736f40158ab60b3e36a52
USER003690,8a858faf5679a838015688de3028143d
USER003691,8a858ff257048b50015709ffa148518e
USER003692,8a858fb15632196901564fd5a8be745b
USER003693,8a858fbc5cc666c8015cc67a0d541497
USER003694,8a858fc25bafabdc015bb47fda0323e5
USER003695,8a858fcd56b9f22c0156c804c62f4d5d
USER003696,8a858fd3552c7562015544a1c5f8311e
USER003697,8a858fdd5d1844e1015d1858743b13c7
USER003698,8a858fe95c88ee44015c8d2bd1ea0c40
USER003699,8a858ff25a13ebf6015a14d6527b7b05
USER003700,8a858fff57f7a7a801580093e8d2237a
USER003701,8a858e105bd92644015bded94870560e
USER003702,8a858e5b5bd99460015bda6daf5a2d6f
USER003703,8a858e955add2971015ae6ef9a655863
USER003704,8a858eda5c8863ff015c9dead65807bb
USER003705,8a858f255ca276c5015ca40df7f841ca
USER003706,8a858f5f5b39bb0c015b3a2c2e0666e5
USER003707,8a858f995c5fa060015c63abd4c27a56
USER003708,8a858fc55b672960015b672de67d0409
USER003709,8a858fed5cabd3a0015cabd44ace0079
USER003710,8a85881053bc33670153cc5a32432a14
USER003711,8a858900536a043401537e702ff74eac
USER003712,8a858953548fb0c001549b2149246862
USER003713,8a8589b7535abdb201535beac38a2006
USER003714,8a858e005941690001596c6cde945968
USER003715,8a858e0d587161ab01587183d98f06c9
USER003716,8a858e135c78e673015c794a54092a97
USER003717,8a858e1c56dfea870156e1cca79f084d
USER003718,8a858e255557edfe0155702304192a3b
USER003719,8a858e345bd96da8015be2ea479a2ade
USER003720,8a858e3d5c3b5122015c3fafb49c3399
USER003721,8a858e4b5cb1e4d7015cc489987520bf
USER003722,8a858e5856b7840c0156c7129a9c2618
USER003723,8a858e5c56f98bad01570d1d648e2761
USER003724,8a858e64587161fb0158747ae0bf7292
USER003725,8a858e6d58b0cc520158b1844b942e90
USER003726,8a858e705b3a03c7015b3cbf6832164c
USER003727,8a858e785c8d9167015c9db2a04e211c
USER003728,8a858e8455f82b560155f960fac10f68
USER003729,8a858e885c63d379015c730aa5f46f8b
USER003730,8a858e935b496584015b496a6fde01f6
USER003731,8a858e985b1de32c015b1ed1acf57e0f
USER003732,8a858e9e5b1f064e015b1f1aae1f11d1
USER003733,8a858ea45bd88d04015bd89004950162
USER003734,8a858eb45c11f9e4015c122d74c7159c
USER003735,8a858ebb5adce699015adea5d5ae51b3
USER003736,8a858ec55ca7919d015caa963ddc6e81
USER003737,8a858ed45c454c11015c52e103ec40fc
USER003738,8a858eda5c8863ff015c889d784b197f
USER003739,8a858ee45a22cbec015a23e5a4020a26
USER003740,8a858ee958860456015896a4c2e3228c
USER003741,8a858ef85cf9e152015d046af64c145f
USER003742,8a858f03582a54c301582f3054b402ce
USER003743,8a858f085b494826015b4cfa0afe0f9e
USER003744,8a858f145bf23564015bf246b6f90e04
USER003745,8a858f1a5ccb60ae015ccf1ac936487f
USER003746,8a858f225bfdb280015c06200b660d25
USER003747,8a858f295c8d307f015c9615b6da3771
USER003748,8a858f335c8d9723015c936bc7116ea4
USER003749,8a858e9b5a61655b015a61a53637255e
USER003750,8a858eac5ad81473015ada3690354aac
USER003751,8a858eba5c884d2a015c8ab2964f14c1
USER003752,8a858ec6560bc09801561cbec2c77a45
USER003753,8a858ecb5bf33c30015bf65181e41990
USER003754,8a858ed457a040d30157b40881a25091
USER003755,8a858ed65ac86155015ac97905df519a
USER003756,8a858edf5800e03101580744172052fc
USER003757,8a858ee55cb156e6015cbf58b7d50810
USER003758,8a858eed5a42df95015a467239f13ec5
USER003759,8a858efa5c646292015c67ef45cb096c
USER003760,8a858f035ac15096015ac26a787c0fc6
USER003761,8a858f0656b7820c0156bc540dc05869
USER003762,8a858f0c5cc68025015cc6c4f6ba1658
USER003763,8a858f1358b9f0740158d3834f5e7450
USER003764,8a858f1a5ccb60ae015ccf36f02c59b5
USER003765,8a858f255cb1710a015cc4fa8c86760b
USER003766,8a858f265cfa1a64015d04610339125b
USER003767,8a858f2e5876d7d001588219d5a57ae9
USER003768,8a858f345b1a6144015b1a747f610e68
USER003769,8a858f415686c0ab01568f15d70b1d85
USER003770,8a858f4b5ccab528015ccae2ca961f60
USER003771,8a858f5154ccbef70154ce770e987173
USER003772,8a858f615591c2cc01559c6b1ae9699d
USER003773,8a858f6c5bf84cd0015bf896d7471c28
USER003774,8a858f725d65fce6015d6973ef727ccd
USER003775,8a858f905c06a9c0015c0d23489f2f06
USER003776,8a858f975c4582c4015c5659e2d36fce
USER003777,8a858f9d5668e3f1015679951579076f
USER003778,8a858fa257d8223c0157f60ebd4d310f
USER003779,8a858fa95c695f85015c698efbf11b7e
USER003780,8a858faf5679a8380156867a81ca016f
USER003781,8a858fb7597cf3dd01598419ae0e2c7b
USER003782,8a858fbd5cd6054a015cde54dfb866ae
USER003783,8a858fc75cd62882015cdaf2f4311b3f
USER003784,8a858fcc5d0cbc32015d0cf881f22aac
USER003785,8a858fd05bfd7d3c015bfdcdd8e223da
USER003786,8a858fd855077357015508b44a816ded
USER003787,8a858fda5c3b0f1c015c3e044f36670b
USER003788,8a858fe5569398920156a3a9a77b5d02
USER003789,8a858ff25a13ebf6015a142040892415
USER003790,8a33a06e4a5075c2014a5295aa0c2224
USER003791,8a858e1d5b2510b2015b28ffe3882faa
USER003792,8a858e8e59bbadf50159bc079e1a31c1
USER003793,8a858ef458d4a52e0158f7a7f43b294b
USER003794,8a858f535908095c0159114dfe5e71c4
USER003795,8a858f8a5b38c510015b38cca8030b12
USER003796,8a858fbf5b3a0b46015b3a75f2633e33
USER003797,8a76e7d443e6e97c0143ed0a33375981
USER003798,8a85888c54be35040154c6000efd4066
USER003799,8a8588f35451808f0154682042b8389b
USER003800,8a8589045384bd8301539e7e9cd27c7c
USER003801,8a85896653f0fed2015400f8b1973c84
USER003802,8a8589f853f100fb015410f0ae5738e2
USER003803,8a858e035693e0290156a22d652127a2
USER003804,8a858e0c5bf343de015bf734d8c57f92
USER003805,8a858e165b90faf9015b9654b6e01bdd
USER003806,8a858e1d5cd58f9e015ce4d0e49950d5
USER003807,8a858f3c5c16cadb015c177e274650b9
USER003808,8a858f495a7fafc1015a806e19fd05d4
USER003809,8a858f5e5cf45779015cf48983d61ef2
USER003810,8a858f665a1e86df015a2255769148b4
USER003811,8a858f6f5ba5f9b8015ba6fedda73439
USER003812,8a858f795896e56b0158ac9d15f36f1a
USER003813,8a858f93572e873c015746f79dc61024
USER003814,8a858f98560bbe11015617e422ed44ad
USER003815,8a858fa15908043201592092ba4b5698
USER003816,8a858fa4552add9f01553ae253297cb7
USER003817,8a858faa56dffac60156e0c9aae34148
USER003818,8a858faf5679a83801567ddf6bda6af7
USER003819,8a858fb75be86585015be8a480303d14
USER003820,8a858fc45c5f93be015c5fe9b3bc18d4
USER003821,8a858fce5c360eb7015c37011f014b1d
USER003822,8a858fd458639fcc015864dcf2b55285
USER003823,8a858fd858e2f19a0158f507104665f2
USER003824,8a858fe45cd62cbf015cdac3af2a17b6
USER003825,8a858fed5a28bf0e015a29acfb4b3fcf
USER003826,8a858ff459faa35f0159fb450b99348d
USER003827,8a858fff5a36fe68015a3ac5851618ab
USER003828,8a858e6c5c88d145015c93ab0c4d2933
USER003829,8a858ece5b0142e3015b05df0b13096f
USER003830,8a858f2c59cb2d550159cbfe2d45028d
USER003831,8a858f6459b2320a0159b23f431f08c6
USER003832,8a858fb65b2020b2015b20ab33ab53f8
USER003833,8a858ff455a09f5a0155ad03801b3714
USER003834,8a81894c529babae0152a10bafeb6895
USER003835,8a8588b2548362e60154854feb462ab1
USER003836,8a8588f853b1b2d40153b9792c2a3ace
USER003837,8a85892854a059ed0154aa182dd84489
USER003838,8a858e0256b781d80156bb503f2d71d7
USER003839,8a858e055d0d9bd3015d0dcfc6bd1b1f
USER003840,8a858e0f58d4699c0158d4894de00907
USER003841,8a858e1c56dfea870156f52d5ff70e20
USER003842,8a858e225c404292015c416cdcea2c34
USER003843,8a858e3257b91c6d0157cc224b4e0b81
USER003844,8a858e395cb1d4d9015cb6759fe27995
USER003845,8a858e475c1c2ea7015c1cedf8cd2eac
USER003846,8a858e4f58b9f0b40158b9f4ff09011e
USER003847,8a858e59569397d50156944b474d2bb8
USER003848,8a858e625af61555015af661e8003508
USER003849,8a858e655a047d1a015a047d7ad40067
USER003850,8a858e69566ae5b801567ac352d84477
USER003851,8a858e6f5668e01701567140f0f5212c
USER003852,8a858e715bd3fa19015bd407028c0450
USER003853,8a858e7d5cb1162b015cb12df2e71466
USER003854,8a858e8e59b6ee010159b7177daa162c
USER003855,8a858e995bfc46c6015bfccf20b3451c
USER003856,8a858ea8580b1fee015810374b69234f
USER003857,8a858eb25b5d2e82015b5d60ec623bec
USER003858,8a858eba5c884d2a015c95e9451335f7
USER003859,8a858ec6560bc09801561eed02e71124
USER003860,8a858ece5c88b58b015c8cc6fb1660ac
USER003861,8a858ed75732b6810157376091b129f4
USER003862,8a858eda5c8863ff015c9b7f6a0d0803
USER003863,8a858ee35b43ae27015b43b3f6d0059b
USER003864,8a858eee58c2b6220158cf02650a326d
USER003865,8a858e245b680423015b768bac4267aa
USER003866,8a858e345be813ea015beb1a5dcc2a2b
USER003867,8a858e3a54e3370201552642ce7830c8
USER003868,8a858e4b5a7f868b015a80f3822d505b
USER003869,8a858e5856b7840c0156c2043cdf22c2
USER003870,8a858e65582a517e0158352220c06174
USER003871,8a858e6a5bfd4b54015bfe4453635a92
USER003872,8a858e6d5bb44226015bb467068c0fe2
USER003873,8a858e79568ec7de01568fef5675374f
USER003874,8a858e885c9c6f96015c9ce748345171
USER003875,8a858e9156e137c6015705964f291996
USER003876,8a858ea35d2d2f62015d309d53df2a01
USER003877,8a858eab5cf9c4c8015d0c94428b2976
USER003878,8a858eb554d4ccaf0154dcf634184f6e
USER003879,8a858eba5c884d2a015c9528bd4f239b
USER003880,8a858ec555f96a9a0156057d6e747a06
USER003881,8a858ec85a8530ec015a8535b0e3029a
USER003882,8a858ed25bf83782015bfba0a4330c86
USER003883,8a858edd5c8348c4015c8452bc364cd7
USER003884,8a858ee0560bc0770156147da1c27409
USER003885,8a858ee55cb156e6015cbfb990b0329c
USER003886,8a858efd5b39cf3d015b39dc39b20bc7
USER003887,8a858f055d0e3d8c015d0f9033d26ff1
USER003888,8a858f0a5bf3716c015bf74698ab0964
USER003889,8a858f13556665aa01556d98b4ca0d1d
USER003890,8a858f185c884965015c884afd9000c9
USER003891,8a858f1e5baffcc9015bb02b505f180d
USER003892,8a858f2c58dc6e680158df6c91293adc
USER003893,8a858f2f54e28d530155102a418b6307
USER003894,8a858f34588713c201588c59c04b04cd
USER003895,8a858f375cef1cbc015cf034009e7436
USER003896,8a858f455c59c478015c5a0915f22764
USER003897,8a858f4b5ccab528015ccad3ab0515ec
USER003898,8a858f54589736f401589bd68e546ad3
USER003899,8a858f6057e2dba50157ec38a3a84798
USER003900,8a858f675c1c43bc015c1f5eb8737aad
USER003901,8a858f7b5ca7abe3015ca859c9f62413
USER003902,8a858f885aeb097f015aeb212d47162a
USER003903,8a858f9157f7b9670157fa9d4e7546e0
USER003904,8a858f97594ab63d01597114ba347a39
USER003905,8a858f9a5b33cc48015b33d812b20d0c
USER003906,8a858fa25cfa127c015cfc1e527253b5
USER003907,8a858faa56dffac60156f53870fd0c9e
USER003908,8a858faf56b7821c0156b82b996d2f03
USER003909,8a858fb65b2020b2015b239674777bad
USER003910,8a858fc15b68ba6a015b70342bb3348f
USER003911,8a858fc55b2548dd015b286e452c678c
USER003912,8a858fcb5ca240f7015ca6656e972612
USER003913,8a858fd05bfd7d3c015c0d4d46cc16dc
USER003914,8a858fd858d5076d0158d57c62eb1635
USER003915,8a858fe25b8c4e5c015b8c81bb7f1888
USER003916,8a858ff25a6a19ee015a6ac2e28c67a5
USER003917,8a858ffe5c44d5b6015c44dcc1b705ef
USER003918,8a858e045cd5b1d6015cdac5a9fe38be
USER003919,8a858e3654e2a8240155118fdd72053b
USER003920,8a858e705b3a03c7015b3a431c9c1e1c
USER003921,8a858f09583f9d20015840275cdc22b4
USER003922,8a858f385b34d285015b3852d40b417c
USER003923,8a858ef458d4a52e0158d858eb5d6456
USER003924,8a858f0056b7cf8e0156b85b93c039aa
USER003925,8a858f0656b7820c0156c64dbb2f05f3
USER003926,8a858f0d5a859ac0015a85ce61751c43
USER003927,8a858f1a5a41886c015a41971ef30aba
USER003928,8a858f1f5c59cd91015c5e2eca1f1a04
USER003929,8a858f285c44747f015c4504a17c58cd
USER003930,8a858f2e5876d7d0015880cff3b96d0c
USER003931,8a858f305cb1ec4e015cb2053de10706
USER003932,8a858f345c1075d5015c10c9b9572768
USER003933,8a858f375cef1cbc015cf34fec6427ad
USER003934,8a858f4b5ccab528015ccaf7470b2d9e
USER003935,8a858f535bf336ac015bf721c64b7bd6
USER003936,8a858f61560bc0e5015613ecc04d30bf
USER003937,8a858f6e5cb16eb9015cb59f4eb9116f
USER003938,8a858f79588789bd015890be99777cf4
USER003939,8a858f7e5c213ef4015c25e43b891f67
USER003940,8a858f8f5bfd3cfa015c0b26533902ef
USER003941,8a858f965c6950da015c7b953c93484d
USER003942,8a858f9a5c885f42015c8d0b01a33781
USER003943,8a858fa4552add9f01552f0f19e814e4
USER003944,8a858fa95c695f85015c6cd7c64b745b
USER003945,8a858fc15b68ba6a015b71108e115250
USER003946,8a858fc65cf978f4015cf98b8cc20d68
USER003947,8a858fcd56b9f22c0156d01a97452dcb
USER003948,8a858fd45a4260bc015a4613981d314c
USER003949,8a858fdc5b583a67015b583f3b8a0552
USER003950,8a858fe75b48bd45015b48bea120024a
USER003951,8a858ff25b8b1ddb015b8b21ddb703ae
USER003952,8a858ffa55ca72a50155e936d7ad5bf5
USER003953,8a85881053bc33670153c1f814696fb8
USER003954,8a858e345bd96da8015be47b59666198
USER003955,8a858e705cb15527015cba67fc8e37fb
USER003956,8a858eb4588604f7015888a52ac5111c
USER003957,8a858f1b5b486da9015b4898c28826e2
USER003958,8a858f475c11bc72015c11f34af81f66
USER003959,8a858f7359221635015922db9f9c2653
USER003960,8a858ff85bd93919015be343ec543f5a
USER003961,8a85886f543912e30154391ea6a3015f
USER003962,8a8588dc536a1413015381dd2a4f3c5f
USER003963,8a85890453a912500153a9dcd2ff2bdf
USER003964,8a8589595384a85301539875d3d51e79
USER003965,8a8589a453bc422d0153d05a844b6792
USER003966,8a858e0256b781d80156be0f99322ae6
USER003967,8a858e0a5a85cfaa015a85f21a5e0bea
USER003968,8a858e1158dc4d830159015170547d02
USER003969,8a858e1e54e2aa5a0154fbf9330120e1
USER003970,8a858e245c214660015c34f57d492aad
USER003971,8a858e325b3e903a015b3e9a2fba0b3e
USER003972,8a858e3d570f30bb0157187594143f8f
USER003973,8a858e4f5929c3df0159420645f46f55
USER003974,8a858e5856b7840c0156c183c7966a3a
USER003975,8a858e5f5a4d0511015a52e503b52f20
USER003976,8a858e6d58b0cc520158b1932da631fe
USER003977,8a858e725c360240015c372f0894441b
USER003978,8a858e7d5ab8ce17015abc1e6f9b67ef
USER003979,8a858e8d56b784480156c30ca7157f73
USER003980,8a858e935b496584015b545b32e350e8
USER003981,8a858f725b49c0c0015b4de5320b0e90
USER003982,8a858fda5c3b0f1c015c3f6b81446038
USER003983,8a85882653d0bb500153d632dca50043
USER003984,8a8588f754a058cb0154b405217f1d65
USER003985,8a85893d53f104eb0154012858000b78
USER003986,8a85896653e0641c0153e12519674d02
USER003987,8a8589a7545186b10154616da2b91f01
USER003988,8a858e0156b782a10156c19772015fcd
USER003989,8a858e045cd5b1d6015ce3fef2ef0ee4
USER003990,8a858e0b5cf4883c015cf7f00f2b1efc
USER003991,8a858e1158dc4d8301590729328d2857
USER003992,8a858e1d5ad28479015ad309602c6027
USER003993,8a858e215ca77c7f015cab19f5c92961
USER003994,8a858e285c7c7fc9015c7ce104e64a2e
USER003995,8a858e3957d7ca4e0157dc950b836316
USER003996,8a858e415c20f3f8015c2107ff010c56
USER003997,8a858e5856b7840c0156c1158b2c4a07
USER003998,8a858e5f5a41b97f015a42210e153657
USER003999,8a858e69566ae5b801567a5d65132750
USER004000,8a858e6f5668e01701568175112b2522
USER004001,8a858e7b55deef140155e4ec385d463c
USER004002,8a858e885c63d379015c6a56ebaf33b1
USER004003,8a858e8d5d41c5fd015d421a1e762278
USER004004,8a858e9c5770cff9015770f870821891
USER004005,8a858ea55ab92cff015abd32e1105b48
USER004006,8a858eac5b3ece95015b3f32ac426a41
USER004007,8a858eb75c21a2b9015c2d16582b6eb0
USER004008,8a858ec25a4d1d16015a4d32690f05ce
USER004009,8a858ed158f3044d0158fe42a7e14997
USER004010,8a858edb5bd936e4015be7eb350a0dfb
USER004011,8a858ee05989e8dc01598c5dd0201b40
USER004012,8a858ee55cb156e6015cc2a0644b7078
USER004013,8a858eef5554890501557311a4ae79d6
USER004014,8a858ef759ffbd8a0159ffea48b311e8
USER004015,8a858f085a477386015a4b8a0ba90c44
USER004016,8a858f275c451af5015c542ab90839e8
USER004017,8a858f2e5876d7d0015877c6e0ae5bdc
USER004018,8a858f335c8d9723015c98e602d911e2
USER004019,8a858f3a58b5b0fe0158b6ca8db55766
USER004020,8a858f44578e3d460157964ab3ba7593
USER004021,8a858f4b5ccab528015ccbc91ef76750
USER004022,8a858f555cacacdf015caf9e0dfd5c87
USER004023,8a858f595ccb6f86015ccebe6c7c79d4
USER004024,8a858f665d5b785d015d5e5a6fd504b7
USER004025,8a858f725b49c0c0015b4d9ae6420318
USER004026,8a858f865d0e2874015d0e5d4aeb2c32
USER004027,8a858f955a61ad4e015a669234707a25
USER004028,8a858f995a4762a5015a490254ba0a2e
USER004029,8a858f9f5679951a01568a490dce6d89
USER004030,8a858fa3551e78cb0155206bf1f109bc
USER004031,8a858fa55cc5dbbc015cc64148393bd5
USER004032,8a858fb4563228d20156455071ba60a1
USER004033,8a858fba5cd5feee015ce3c294891874
USER004034,8a858fc45c21da6f015c2ab17a494dbe
USER004035,8a858fd05bfd7d3c015c0ac084e604d3
USER004036,8a858fd55ccafbe9015ccb02689f0413
USER004037,8a858fde56eb02280157096b41371091
USER004038,8a858fe8555f401f01555f4a125f01ac
USER004039,8a858e9d59f013710159f3efc4683cec
USER004040,8a858ea45b35639b015b37a9cc3b597e
USER004041,8a858eac5ad81473015ad8d9a28031cf
USER004042,8a858eb85c5f0e01015c6347b13d5981
USER004043,8a858eba5c884d2a015c8d36d3fd0056
USER004044,8a858ec65cf4605b015cf4ed88665334
USER004045,8a858eda552adcc201553e25379825f0
USER004046,8a858edd5aa92207015aa9221ce30007
USER004047,8a858ee55cb156e6015cb4b3c2271dc0
USER004048,8a858ee75afc09f4015affcf7ccf4a2b
USER004049,8a858ef7598334a2015983e07e9e3a2d
USER004050,8a858efd5ca70688015ca7128fa305bd
USER004051,8a858f055d0e3d8c015d11d2a91e4d09
USER004052,8a858f225bfdb280015c0e31ce624cd8
USER004053,8a858f265c1c393e015c1e2abc1146aa
USER004054,8a858f315ccb979d015ccee732d8064f
USER004055,8a858f3455a0d8070155a8735a113979
USER004056,8a858f3f5c35c74a015c38ba4efc74cb
USER004057,8a858f4958721a8c01587e91a7af19af
USER004058,8a858f585cf9d48b015cfd80919c18ed
USER004059,8a858f6055f96ad20156004e79324d0f
USER004060,8a858f6b570f2de901572863d8bd0a9c
USER004061,8a858f725b49c0c0015b574551297af8
USER004062,8a858f7a58c218eb0158c8e76932370e
USER004063,8a858f855bf2f1ad015bf37cd23049a3
USER004064,8a858f9157f7b967015800b952973dd1
USER004065,8a858f965c6950da015c71e45ad97236
USER004066,8a858f99560bbe4501560cec3a783c66
USER004067,8a858fa05908043801591da2a68b288d
USER004068,8a858fa25bd92c20015bda335e175efb
USER004069,8a858fa7590af885015911cda397303a
USER004070,8a858faf5679a83801568596dba677cd
USER004071,8a858fb557330de101573d9e848a6536
USER004072,8a858fbd5cd6054a015ce4de9d8a4c5a
USER004073,8a858fcf5b39c3ba015b39e3223b2290
USER004074,8a858fd3552c756201554e18a1b77d48
USER004075,8a858fd85b685607015b6cede4f3309a
USER004076,8a858fe45cd62cbf015cdc3635aa3ff0
USER004077,8a858fe8555f401f0155679de3f04eb4
USER004078,8a858fee5863a0490158690536734bb3
USER004079,8a858ff45be92ea2015bebd3d5dc7770
USER004080,8a8589f853f100fb0153f5489e6f355a
USER004081,8a858e215c7de5f2015c7ea18646502c
USER004082,8a858e6656322b0f01564b5e36130b95
USER004083,8a858eda5c8863ff015c993591b93efc
USER004084,8a858f0f5bfd79d2015c08136407548f
USER004085,8a858f745bf29616015bf2e3f2b038f8
USER004086,8a858fb45b58ee3b015b5974123a35b9
USER004087,8a858ffc5baffa85015bb43ec7b56b00
USER004088,8a858ff257048b500157048be2250029
USER004089,8a858ffd5c8d343d015c8ebff4e27db1
USER004090,8a858e1d5b2510b2015b284ba968098f
USER004091,8a858e645654fdc4015655c79af04df0
USER004092,8a858eda5c8863ff015c88f52dcb33fd
USER004093,8a858f0056b7cf8e0156c212dddd3f13
USER004094,8a858f2b5c11cabe015c126b987e58b7
USER004095,8a858f6f5b199197015b1997f42f0571
USER004096,8a858fb156321969015654c9c420573b
USER004097,8a85881053bc33670153c7b62bef61ca
USER004098,8a8588ae53f1cb7c0153fefa47f32810
USER004099,8a8588fd53c244bc0153c6628bb40fe5
USER004100,8a8589045384bd830153a26a18566fcd
USER004101,8a85898a53bc15600153cba00ef6317a
USER004102,8a8589ec54517bf90154575802725303
USER004103,8a858e035693e02901569ae180f14f8b
USER004104,8a858e125b391784015b391ddd6a078d
USER004105,8a858e195b90e512015b9ac8526473bc
USER004106,8a858e235be813f6015be9ec4cdf2666
USER004107,8a858e345bd96da8015bda7ce5f33ec9
USER004108,8a858e395cb1d4d9015cc0480a8943bd
USER004109,8a858e3f5b6182ee015b61bb07ac273d
USER004110,8a858e495cef1ef1015cf32d015f6e3e
USER004111,8a858e585693982b0156abe3e8851678
USER004112,8a858e5f59d133690159d21dcd085768
USER004113,8a858e655a047d1a015a0e7907c55531
USER004114,8a858e6c5b5bd8ac015b5c0357581aef
USER004115,8a858e6d5b252065015b305a3ef77693
USER004116,8a858e7655072083015512a46b441f9e
USER004117,8a858e865b48f46f015b48f927930769
USER004118,8a858e885c63d379015c6c93c57d5273
USER004119,8a858e935afae66a015afae9e2e601f4
USER004120,8a858ea15ca2565c015ca5eab5a41571
USER004121,8a858eaf5ba5cf8b015baa4eba08631e
USER004122,8a858eb75c21a2b9015c2a3cd3363330
USER004123,8a858ec559dbb41a0159dd81258b41c4
USER004124,8a858ece5b0142e3015b0591013103be
USER004125,8a858eda5c8863ff015c91beb3016213
USER004126,8a858ee0560bc077015613b7551c61f6
USER004127,8a858ee55cb156e6015cb650b14467f0
USER004128,8a858eee58c2b6220158c4d7791c1a49
USER004129,8a858f0056b7cf8e0156c0b3f1323b0d
USER004130,8a858f075c1a4ca5015c1ac1624628b6
USER004131,8a858f0a56ffda56015709bcc2330c44
USER004132,8a858f1955b1c4df0155c61396ff0212
USER004133,8a858f255ca276c5015ca5dbc7b90b63
USER004134,8a858f2f54e28d5301550bb0765d5ee7
USER004135,8a858f3b59eed4f10159ef5f8a814a34
USER004136,8a858f415686c0ab0156931086435175
USER004137,8a858f4c5bb597f6015bbba286f03bdb
USER004138,8a858f555cacacdf015cb0d734197a92
USER004139,8a858f60560bc43d015612f6e11767d6
USER004140,8a858f6b570f2de901571b4734224a15
USER004141,8a858f73594ab1ea015964b39b815f52
USER004142,8a858f875afc0db0015aff2e9b207838
USER004143,8a858f955a6a6b5f015a6af38de9503c
USER004144,8a858f985b3db23f015b3defbc5f5040
USER004145,8a858fa05cf48427015cf87f3c491e8b
USER004146,8a858fa85bd87d41015bd8893799080c
USER004147,8a858fad5bf85d5e015bfb734316090f
USER004148,8a858fb85cc5f243015cc615318026ec
USER004149,8a858fbd5cd6054a015ce7f7d2fb32d5
USER004150,8a858fc95ce99dd6015cee5236477069
USER004151,8a858fcf5591c5cf015596c7018348b8
USER004152,8a858fd35b5dfefb015b5e18a7ee15aa
USER004153,8a858fdf5bf85f71015bf90560683095
USER004154,8a858feb55f82bbf0155f85225000130
USER004155,8a858ff45be92ea2015bec4ff05a27aa
USER004156,8a858fff5a36fe68015a37f8550a02a2
USER004157,8a858e245a4f0e47015a5229053e6746
USER004158,8a858e655a047d1a015a08e7325312ff
USER004159,8a858eae5bb5beb8015bbb0a34bf0472
USER004160,8a858f01588603fa01589057d59a49a4
USER004161,8a858f335c8d9723015c96e47eaf3ce7
USER004162,8a858f6e5cb16eb9015cbfa6891845b2
USER004163,8a858fa05908043801590ced4e786bd6
USER004164,8a858fcf5a192144015a1d262059287d
USER004165,8a858ff554e290e1015503ada2797979
USER004166,8a85882653bc51f50153c7a562dc099d
USER004167,8a85890253e2f1180153e631a46d1051
USER004168,8a85896653f0fed201540473a34c058b
USER004169,8a8589b953bc23f70153ccc3fd3519c7
USER004170,8a858e0159f57d2c0159f981d9044ac8
USER004171,8a858e0f5577f579015581d14503059f
USER004172,8a858e1556321b940156388e506a2ed4
USER004173,8a858e2155defefd0155e12953ee00a1
USER004174,8a858e285aa8cfc1015aa8fd90951f5a
USER004175,8a858e35590808300159237c9c5446e3
USER004176,8a858e445ca25ee3015ca3a198a83db7
USER004177,8a858e51584a1fc701585e968aea6a4f
USER004178,8a858e585beda464015bef3c04ba7d64
USER004179,8a858e5e57adcb8e0157b4dbcd455ccb
USER004180,8a858e645afb8f74015afbd64d8b2f9c
USER004181,8a858e6f5668e01701567a9556757b9e
USER004182,8a858e725c3ae262015c43c590b614f7
USER004183,8a858e7b55deef140155e39b490940c9
USER004184,8a858e8457f7a42a0158009d68f33d82
USER004185,8a858e8e58f6d66f0158ff063d6d38cd
USER004186,8a858e935b496584015b571e4fea5ff3
USER004187,8a858e9b5623763201562819994d393a
USER004188,8a858ea05a859123015a8892914d15b7
USER004189,8a858ea75cef5535015cf0dbda69796c
USER004190,8a858eba5591bf280155939efd1c5d13
USER004191,8a858ebd590802ef0159083a61e90bbb
USER004192,8a858ec7577545eb0157758e344615b5
USER004193,8a858ed55bafadc7015bafae85d5004d
USER004194,8a858edf594a45ed01594bd668493b10
USER004195,8a858ee55c830000015c8307702b03dc
USER004196,8a858eed5a476a3c015a4b5cd1cc7a5c
USER004197,8a858f0056b7cf8e0156b9bfbb2066fd
USER004198,8a858f0456511c94015660ec88dd7062
USER004199,8a858f0a56d3ed1f0156d74a2a283b3f
USER004200,8a858f155554552501555b1f0b681e93
USER004201,8a858f1a5ccb60ae015ccf6a6a127aa3
USER004202,8a858f265c2187bd015c3125c2e74a19
USER004203,8a858f295c8d307f015c9e1d77b1168a
USER004204,8a858f3455a0d8070155baddc1256a8b
USER004205,8a858f4156939c3c01569d232cbd5024
USER004206,8a858f4c5bb597f6015bc01898fd0584
USER004207,8a858f5f5b39bb0c015b3b91b59c43d4
USER004208,8a858f6a5a8a6734015a8ab389692db3
USER004209,8a858f725d65fce6015d6f5cb1342d7c
USER004210,8a858f7d5a5bd94e015a5bee65da09bc
USER004211,8a858f935bb4fe1f015bb54d843d2813
USER004212,8a858f99560bbe4501560e67467e3832
USER004213,8a858fa25c120898015c132919e544fc
USER004214,8a858fa5552add5d01554b51ef567295
USER004215,8a858faa56dffac60156f941bfeb434b
USER004216,8a858faf5679a83801568b26dbf137e0
USER004217,8a858fbd5cd6054a015cd8f744c0531d
USER004218,8a858fc75cd62882015cdb61263928d6
USER004219,8a858fd1572b90090157371452df3711
USER004220,8a858fd55577e87601557bccd0322548
USER004221,8a858fd85b685607015b75cbf15c73c2
USER004222,8a858fe55656a938015665efb0863ea3
USER004223,8a858ff15b5d3f84015b5d4155f20401
USER004224,8a858ff55b444a8c015b474ca384318b
USER004225,8a399f284741b63b0147496a04db1eb4
USER004226,8a858e6f5bfd0431015bfd20c76210d3
USER004227,8a858ed75bb64559015bc5722032662e
USER004228,8a858f40577642af01577a506291185a
USER004229,8a858f7558070a84015807cc7e7e3c61
USER004230,8a858fe8555f401f01556122503615c1
USER004231,8a858ff85bd93919015be207811e0c52
USER004232,8a85880353acff880153b4d53d6b45db
USER004233,8a8588d653a43f600153a832f1516034
USER004234,8a8588fd53c244bc0153c39d5d176514
USER004235,8a85893d53f104eb0154055224bd3220
USER004236,8a858e035693e029015695208c6b4c61
USER004237,8a858e0a5668e69c015680dcf84a7f9c
USER004238,8a858e105bd92644015bdca43c877d2c
USER004239,8a858e2155defefd0155df432f691e33
USER004240,8a858e235bd971a4015be16b9d155631
USER004241,8a858e345be813ea015bec75f727092e
USER004242,8a858e395cb1d4d9015cc01fc983325b
USER004243,8a858e495bf8527e015bf8e8db823e98
USER004244,8a858e505baa530d015baa644c9b0d58
USER004245,8a858e5f5a41b97f015a4212766e2f84
USER004246,8a858e625c8d993a015c977c99e84aa5
USER004247,8a858e675c3fe0a1015c50d5ab897031
USER004248,8a858e6c5c88d145015c89156898102a
USER004249,8a858e6f5cd5e874015cde13d1225f01
USER004250,8a858e725c3ae262015c44c29be41a95
USER004251,8a858e7e5c7cff8b015c7d339f151aaa
USER004252,8a858e9156e137c601570a050b355c99
USER004253,8a858e9d5bfd7037015c0dc3a27c6d93
USER004254,8a858eaa5b14b9b2015b14d3a3090d8a
USER004255,8a858eb456e0b9490156fc567e5737d9
USER004256,8a858ebd590802ef01590ebd882056d6
USER004257,8a858ec75bfd77c4015bfda14bd40a20
USER004258,8a858ed457e2e6960157e8097165236e
USER004259,8a858ed75bb64559015bc82c814e187a
USER004260,8a858edc5c7e7da5015c819c15e372a8
USER004261,8a858ee65be8d42d015bec93bd4c5303
USER004262,8a858eef55548905015572d00b966315
USER004263,8a858ef85a613c85015a65f7d2321d4f
USER004264,8a858f0056b7cf8e0156c3d05ee2250a
USER004265,8a858f085b494826015b4c9e290c7d30
USER004266,8a858f0f5bfd79d2015c08e9cd6269a1
USER004267,8a858f1b5b9136f7015b96ba114d0c71
USER004268,8a858f25584470aa015852a3fee27b75
USER004269,8a858f2a5b3f2121015b4287c0d84865
USER004270,8a858f2f54e28d530154e3ead3e95ce9
USER004271,8a858f305cb1ec4e015cc4255d654475
USER004272,8a858f365668e43901566fc8ed1c23e5
USER004273,8a858f3d5bfc954e015bfcd515222cca
USER004274,8a858f4c5bc9eb48015bcaaef75f3582
USER004275,8a858f54589736f40158a9a0f1204927
USER004276,8a858f6459b2320a0159b322c80f5306
USER004277,8a858f725b49c0c0015b4a967c8421b2
USER004278,8a858f7a5ca22d3c015ca694cd961f85
USER004279,8a858f7e5c69a6e3015c6d953819750c
USER004280,8a858f9159ffa7a8015a0048a9df35d6
USER004281,8a858f975c4582c4015c460343bc3883
USER004282,8a858f9c5a4817be015a4bb172de6f90
USER004283,8a858fa459e0a1340159e72274ca3969
USER004284,8a858faf56b7821c0156bc7a2d156c16
USER004285,8a858fc15cd06c32015cd4ba6b1d711b
USER004286,8a858fc75cd62882015cdf944e017b50
USER004287,8a858fcf5b39c3ba015b3a78721d01c8
USER004288,8a858fd75bb62bbe015bc52a13c36f6c
USER004289,8a858fde56eb02280156ff40116b2641
USER004290,8a858fe95c88ee44015c8b93b7164cd4
USER004291,8a858ff554e290e1015506a667926a39
USER004292,8a858ffb5b350b52015b385bb95d3a28
USER004293,8a85898a53bc15600153c70d81d41919
USER004294,8a858e4b5cb1e4d7015cbc7f1e3e7b96
USER004295,8a858e885c63d379015c776e5b957034
USER004296,8a858ec358dc5c130158e4df91a874b9
USER004297,8a858f255cb1710a015cbb5a301a4768
USER004298,8a858f4f5511dca2015516c435bf3d6a
USER004299,8a858f955cc6631f015ccabe708129ed
USER004300,8a2ad9ce4c453e06014c4b3175e52407
USER004301,8a85888c54a05b820154ae660ed5066c
USER004302,8a8588dc5384a05f0153a3e02aa271a9
USER004303,8a85892854a059ed0154b7fa21486170
USER004304,8a858966538deb1901539f5e7eb051a1
USER004305,8a8589b953d0be470153dc27464373c8
USER004306,8a858e0256b781d80156d77deb7222b8
USER004307,8a858e0d58625b41015862eadbe32d73
USER004308,8a858e115c59a3e2015c59ebb25d238b
USER004309,8a858e205af28299015af2acd2ff06a6
USER004310,8a858e255557edfe01556a0e24dd5feb
USER004311,8a858e345a8ac48f015a8ec9267c7074
USER004312,8a858e3e5b3ee747015b3f5c97746a87
USER004313,8a858e5254ccb8c00154ccf3e9e5092e
USER004314,8a858e5a5a0477db015a090321902b92
USER004315,8a858e69566ae5b801566b5ea4f6269f
USER004316,8a858e6f5cd5e874015cd9f8c7280bf8
USER004317,8a858e775c362114015c3c3360be7962
USER004318,8a858e845accb4f9015acce9b7b82583
USER004319,8a858e8d5bf2d0c1015bf2effef1148b
USER004320,8a858e945bfdb9e7015c03bfb0cb5b78
USER004321,8a858ea25bf369e4015bf791083d1be4
USER004322,8a858ea55ac1546c015ac21a1ee20afa
USER004323,8a858ead5b66b9c1015b66cad65810c7
USER004324,8a858eb95591bf0001559ad37247195d
USER004325,8a858ebd590802ef01590d7e572c4cad
USER004326,8a858ec95afc0922015b049a96b06dd1
USER004327,8a858eda5c8863ff015c8a0c1f1f528a
USER004328,8a858edd5c8348c4015c83f5af6d35f1
USER004329,8a858ee65ba51327015ba51f11220393
USER004330,8a858eef5554890501556cf996a2495a
USER004331,8a858ef85a613c85015a64b7deef076c
USER004332,8a858efe5bf7bae7015bf7fe86072852
USER004333,8a858f1955b1c4df0155c530d4954f0f
USER004334,8a858f225c20c6c0015c20cbf6be03ba
USER004335,8a858f27597d1c4c01597fa28c661557
USER004336,8a858f3355ae6a610155c900911f5030
USER004337,8a858f365668e43901566e4968220ae7
USER004338,8a858f445d568436015d5a7968880d4e
USER004339,8a858f4c5bb597f6015bb88edfd35179
USER004340,8a858f5a57519e480157608691d3558d
USER004341,8a858f6057e2dba50157f3558ac902d4
USER004342,8a858f6c570f2d6601572a4acffc221f
USER004343,8a858f735aec46c4015af026256357b8
USER004344,8a858f7c5be8dc45015bea117aa57efe
USER004345,8a858f8658c206a90158d0c447863597
USER004346,8a858f955a61ad4e015a69ee1edd0d3d
USER004347,8a858f965c6950da015c7c981f0e13ae
USER004348,8a858f9d5668e3f10156768953330256
USER004349,8a858fa154e2912f0154e772203a2dea
USER004350,8a858fa3552ae1120155466a51db4d34
USER004351,8a858fa95c695f85015c73059207124e
USER004352,8a858faf56939fea01569d9c10415018
USER004353,8a858fb65b2020b2015b206ee078403a
USER004354,8a858fc45c5f93be015c6082c1cc4404
USER004355,8a858fd05bfd7d3c015bfdfa3fee2e3a
USER004356,8a858fd45a4260bc015a469e3c74060a
USER004357,8a858fdd54d4dd160154dd94b0107719
USER004358,8a858fe55656a93801565764e5ec1430
USER004359,8a858fe957a094e00157af1391dc68d9
USER004360,8a858fee58f7c77e01590774b0054bba
USER004361,8a858ffd5c8d343d015c9c25d0db72a3
USER004362,8a858e0c5519be5401551d86e3f71cba
USER004363,8a858e395cb1d4d9015cb2115b1d13d7
USER004364,8a858e6d58b0cc520158beeb14b22a5a
USER004365,8a858ee85cf400f5015cf44ab1c42d5c
USER004366,8a858f365b2547f3015b284597147c94
USER004367,8a858f935ca09667015ca0ee3bc63f51
USER004368,8a858fd458639fcc015868eb14b542ad
